NOC,Year,Host,SWM,Coach,Medal_score
USA,1992,0,20.738095238095237,0.0,1.569767441860465
USA,1996,1,16.26666666666667,0.0,1.7934782608695652
USA,2000,0,26.783333333333335,1.0,1.7362637362637363
USA,2004,0,28.325,1.0,1.5473684210526315
USA,2008,0,29.244444444444447,1.0,1.556701030927835
USA,2012,0,33.37777777777777,0.8,1.711340206185567
USA,2016,0,25.448015873015873,0.6,1.8282828282828283
