NOC,Year,Host,WRG,Coach,Medal_score
USA,1988,0,3.0,0.0,0.1
USA,1992,0,1.0,0.0,0.3
USA,1996,1,1.0,1.0,0.6
USA,2000,0,0.0,1.0,0.75
USA,2004,0,5.0,1.0,0.16666666666666666
USA,2008,0,0.0,1.0,0.16666666666666666
USA,2012,0,0.0,1.0,0.0
USA,2016,0,0.0,0.8,0.0
USA,2020,0,0.0,0.6,0.0
