NOC,Year,Host,TRI,Coach,Medal_score
CAN,1992,0,0.0,0.0,0.0
CAN,1996,0,0.0,0.0,0.0
CAN,2000,0,0.0,1.0,0.75
CAN,2004,0,3.0,1.0,0.0
CAN,2008,0,1.5,1.0,0.3333333333333333
CAN,2012,0,1.6666666666666667,1.0,0.0
CAN,2016,0,0.0,1.0,0.0
CAN,2020,0,0.0,0.8,0.0
CAN,2024,0,0.0,0.6,0.0
