NOC,Year,Host,VVO,Coach,Medal_score
USA,2000,0,0.5,0.0,0.0
USA,2004,0,0.3333333333333333,0.0,0.0
USA,2008,0,0.0,1.0,2.5
USA,2012,0,20.166666666666664,0.8,1.0
USA,2016,0,12.0,0.6,1.0
