NOC,Year,Host,BDM,Coach,Medal_score
JPN,2000,0,0.0,0.0,0.0
JPN,2004,0,0.0,0.0,0.0
JPN,2008,0,0.0,1.0,0.0
JPN,2012,0,0.0,1.0,0.36363636363636365
JPN,2016,0,0.0,1.0,0.7777777777777778
JPN,2020,1,1.0,1.0,0.14285714285714285
JPN,2024,0,1.3333333333333333,1.0,0.3333333333333333
