NOC,Year,Host,EDR,Coach,Medal_score
GER,1988,0,1.375,0.0,1.875
GER,1992,0,4.5,0.0,2.25
GER,1996,0,9.0,1.0,1.6666666666666667
GER,2000,0,2.75,1.0,1.875
GER,2004,0,3.5,0.8,1.75
GER,2008,0,5.666666666666666,0.6,2.0
