Year,NOC,Gold_rate,Silver_rate,Bronze_rate,Host,SWA,DIV,OWS,SWM,WPO,ARC,ATH,BK3,BOX,BKG,CSL,BMF,BMX,MTB,CRD,CTR,EDR,EVE,EJP,FEN,HOC,FBL,GLF,GAR,GRY,GTR,HBL,JUD,MPN,ROW,RU7,SAL,SHO,SKB,CLB,SRF,TTE,TRI,VBV,WLF,WRF,WRG
2004,AIN,0.006644518272425249,0.016666666666666666,0.018461538461538463,0,0.0,1.4375,0.0,0.25,9.5,0.0,0.5108695652173914,0.0,0.5454545454545454,0,0.0,0.0,0.0,0.0,0.0,0,0.0,0.0,0.0,1.9,0,0.0,0.0,0.0,2.0,3.0,8.25,0.2857142857142857,0.0,0.4642857142857143,0.0,0.18181818181818182,0.8529411764705882,0,0.0,0,0.0,0.0,0.0,0.2,0.4090909090909091,0.5714285714285714
2008,AIN,0.009933774834437087,0.013201320132013201,0.019830028328611898,0,0.0,1.2083333333333333,0.0,0.078125,0.5,0.0,0.5851063829787233,0.0,0.45454545454545453,0,0.0,0.0,0.0,0.0,0.0,0,0.0,0.0,0.0,0.7333333333333334,0,0.0,0.0,0.0,1.5,0.75,3.5,0.17857142857142858,1.5,0.8809523809523808,0.0,0.18181818181818182,0.7333333333333333,0,0.0,0,0.0,0.0,0.0,0.3333333333333333,0.45454545454545453,1.1428571428571428
2012,AIN,0.006600660066006601,0.01639344262295082,0.008522727272727272,0,0.0,0.625,0.0,0.41666666666666663,0.16666666666666666,0.0,0.9964539007092198,0.0,0.0,0,0.5,0.0,0.0,0.0,0.0,0,0.0,0.0,0.0,0.95,0,0.0,0.0,0.0,3.0,0.0,6.0,0.21428571428571427,1.5,0.380952380952381,0.0,0.0,0.4666666666666667,0,0.0,0,0.0,0.0,0.0,0.36666666666666664,0.09090909090909091,0.35714285714285715
2016,AIN,0.0032679738562091504,0.013029315960912053,0.011142061281337047,0,0.0,0.875,0.0,0.28125,0.0,0.0,0.010638297872340425,0.0,0.15384615384615385,0,0.25,0.0,0.0,0.0,0.0,0,0.0,0.0,0.0,0.7333333333333333,0,0.0,0.0,0.0,1.5,0.5,2.0,0.21428571428571427,0.0,0.14285714285714285,0.0,0.0,0.15555555555555556,0,0.0,0,0.0,0.0,0.0,0.0,0.3333333333333333,1.0
2020,AIN,0.061764705882352944,0.09171597633136094,0.06467661691542288,0,7.0,0.0,0.0,0.04285714285714286,0.75,0.0,0.03125,0.0,0.0,0,0.0,0.0,0.0,0.0,0.0,0,0.0,0.0,0.0,0.75,0,0.0,0.0,0.14285714285714285,0.0,0.0,5.25,0.0,0.0,0.0,0.0,0.0,0.2,0,0.0,0,0.0,0.0,0.0,0.0,0.0,0.0
2024,AIN,0.0,0.0,0.0,0,0.0,0.0,0.0,0.0,0.0,0.0,0.0,0.0,0.0,0,0.0,0.0,0.0,0.0,0.0,0,0.0,0.0,0.0,0.0,0,0.0,0.0,0.0,0.0,1.5,0.0,0.0,0.0,0.0,0.0,0.0,0.0,0,0.0,0,0.0,0.0,0.0,0.0,0.16666666666666666,0.0
