Year,NOC,Gold_rate,Silver_rate,Bronze_rate,Total_rate,Host,SWA,DIV,OWS,SWM,WPO,ARC,ATH,BK3,BOX,BKG,CSL,BMF,BMX,MTB,CRD,CTR,EDR,EVE,EJP,FEN,HOC,FBL,GLF,GAR,GRY,GTR,HBL,JUD,MPN,ROW,RU7,SAL,SHO,SKB,CLB,SRF,TTE,TRI,VBV,WLF,WRF,WRG
2008,AZE,0.0033112582781456954,0.0033003300330033004,0.0113314447592068,0.006263048016701462,0,0,0,0,0.0,0,0.0,0.0,0.0,0.045454545454545456,0,0.0,0,0,0,0.0,0,0,0,0.0,0.0,0,0,0,0.0,0.0,0.0,0,0.25,0,0.0,0,0,0.08888888888888888,0,0,0,0,0.0,0,0.0,0.18181818181818182,0.6428571428571429
2012,AZE,0.006600660066006601,0.006557377049180328,0.014204545454545454,0.009375,0,0,0,0,0.0,0,0.0,0.0,0.0,0.15384615384615385,0,0.0,0,0,0,0.0,0,0,0,0.0,0.0,0,0,0,0.0,0.0,0.0,0,0.10714285714285714,0,0.0,0,0,0.02222222222222222,0,0,0,0,0.0,0,0.06666666666666667,0.8636363636363636,0.42857142857142855
2016,AZE,0.0032679738562091504,0.02280130293159609,0.027855153203342618,0.018518518518518517,0,0,0,0,0.0,0,0.0,0.0,0.0,0.3076923076923077,0,0.0,0,0,0,0.0,0,0,0,0.0,0.0,0,0,0,0.0,0.0,0.0,0,0.14285714285714285,0,0.0,0,0,0.0,0,0,0,0,0.0,0,0.0,0.8750000000000001,0.5555555555555555
2020,AZE,0.0,0.008875739644970414,0.009950248756218905,0.006481481481481481,0,0,0,0,0.0,0,0.0,0.0,0.0,0.07692307692307693,0,0.0,0,0,0,0.0,0,0,0,0.0,0.0,0,0,0,0.0,0.0,0.0,0,0.06666666666666667,0,0.0,0,0,0.0,0,0,0,0,0.0,0,0.0,0.2916666666666667,0.16666666666666666
2024,AZE,0.006097560975609756,0.0061162079510703364,0.0078125,0.006737247353224254,0,0,0,0,0.0,0,0.0,0.0,0.0,0.11538461538461539,0,0.0,0,0,0,0.0,0,0,0,0.0,0.0,0,0,0,0.0,0.0,0.0,0,0.3,0,0.0,0,0,0.0,0,0,0,0,0.0,0,0.0,0.3541666666666667,0.25
