Year,NOC,Gold_rate,Silver_rate,Bronze_rate,Host,SWA,DIV,OWS,SWM,WPO,ARC,ATH,BK3,BOX,BKG,CSL,BMF,BMX,MTB,CRD,CTR,EDR,EVE,EJP,FEN,HOC,FBL,GLF,GAR,GRY,GTR,HBL,JUD,MPN,ROW,RU7,SAL,SHO,SKB,CLB,SRF,TTE,TRI,VBV,WLF,WRF,WRG
2008,AZE,0.0033112582781456954,0.0033003300330033004,0.0113314447592068,0,0,0,0,0.0,0,0.0,0.0,0.0,0.0,0,0.0,0,0,0,0.0,0,0,0,0.0,0.0,0,0,0,0.0,0.0,0.0,0,0.0,0,0.0,0,0,0.13333333333333333,0,0,0,0,0.0,0,0.0,0.0,0.42857142857142855
2012,AZE,0.006600660066006601,0.006557377049180328,0.014204545454545454,0,0,0,0,0.0,0,0.0,0.0,0.0,0.0,0,0.0,0,0,0,0.0,0,0,0,0.0,0.0,0,0,0,0.0,0.0,0.0,0,0.21428571428571427,0,0.0,0,0,0.03333333333333333,0,0,0,0,0.0,0,0.0,0.18181818181818182,0.2857142857142857
2016,AZE,0.0032679738562091504,0.02280130293159609,0.027855153203342618,0,0,0,0,0.0,0,0.0,0.0,0.0,0.15384615384615385,0,0.0,0,0,0,0.0,0,0,0,0.0,0.0,0,0,0,0.0,0.0,0.0,0,0.0,0,0.0,0,0,0.0,0,0,0,0,0.0,0,0.0,0.7916666666666666,0.3333333333333333
2020,AZE,0.0,0.008875739644970414,0.009950248756218905,0,0,0,0,0.0,0,0.0,0.0,0.0,0.0,0,0.0,0,0,0,0.0,0,0,0,0.0,0.0,0,0,0,0.0,0.0,0.0,0,0.0,0,0.0,0,0,0.0,0,0,0,0,0.0,0,0.0,0.1388888888888889,0.0
2024,AZE,0.006097560975609756,0.0061162079510703364,0.0078125,0,0,0,0,0.0,0,0.0,0.0,0.0,0.07692307692307693,0,0.0,0,0,0,0.0,0,0,0,0.0,0.0,0,0,0,0.0,0.0,0.0,0,0.0,0,0.0,0,0,0.0,0,0,0,0,0.0,0,0.0,0.3055555555555556,0.16666666666666666
