Year,NOC,Gold_rate,Silver_rate,Bronze_rate,Total_rate,Host,SWA,DIV,OWS,SWM,WPO,ARC,ATH,BDM,BK3,BKB,BOX,BKG,CSP,CSL,BMF,BMX,MTB,CRD,CTR,EDR,EVE,EJP,FEN,HOC,FBL,GLF,GAR,GRY,GTR,HBL,JUD,MPN,ROW,RU7,SAL,SHO,SKB,CLB,SRF,TTE,TKW,TEN,TRI,VBV,VVO,WLF,WRF,WRG
2008,AZE,0.0033112582781456954,0.0033003300330033004,0.0113314447592068,0.006263048016701462,0,0,0,0,0.0,0,0.0,0.0,0.0,0.0,0,0.5,0,0,0.0,0,0,0,0.0,0,0,0,0.0,0.0,0,0,0,0.0,0.0,0.0,0,3.5,0,0.0,0,0,1.3333333333333333,0,0,0,0,0.0,0,0.0,0,0,0.0,2.0,4.5
2012,AZE,0.006600660066006601,0.006557377049180328,0.014204545454545454,0.009375,0,0,0,0,0.0,0,0.0,0.0,0.0,0.0,0,2.0,0,0,0.0,0,0,0,0.0,0,0,0,0.0,0.0,0,0,0,0.0,0.0,0.0,0,1.5,0,0.0,0,0,0.16666666666666666,0,0,0,0,0.0,0,0.0,0,0,1.0,9.5,3.0
2016,AZE,0.0032679738562091504,0.02280130293159609,0.027855153203342618,0.018518518518518517,0,0,0,0,0.0,0,0.0,0.0,0.0,0.0,0,4.0,0,0,0.0,0,0,0,0.0,0,0,0,0.0,0.0,0,0,0,0.0,0.0,0.0,0,2.0,0,0.0,0,0,0.0,0,0,0,0,5.0,0,0.0,0,0,0.0,10.5,3.333333333333333
2020,AZE,0.0,0.008875739644970414,0.009950248756218905,0.006481481481481481,0,0,0,0,0.0,0,0.0,0.0,0.0,0.0,0,1.0,0,0,0.0,0,0,0,0.0,0,0,0,0.0,0.0,0,0,0,0.0,0.0,0.0,0,1.0,0,0.0,0,0,0.0,0,0,0,0,0.0,0,0.0,0,0,0.0,3.5,1.0
2024,AZE,0.006097560975609756,0.0061162079510703364,0.0078125,0.006737247353224254,0,0,0,0,0.0,0,0.0,0.0,0.0,0.0,0,1.5,0,0,0.0,0,0,0,0.0,0,0,0,0.0,0.0,0,0,0,0.0,0.0,0.0,0,4.5,0,0.0,0,0,0.0,0,0,0,0,2.0,0,0.0,0,0,0.0,4.25,1.5
