Year,NOC,Gold_rate,Silver_rate,Bronze_rate,Host,SWA,DIV,OWS,SWM,WPO,ARC,ATH,BK3,BOX,BKG,CSL,BMF,BMX,MTB,CRD,CTR,EDR,EVE,EJP,FEN,HOC,FBL,GLF,GAR,GRY,GTR,HBL,JUD,MPN,ROW,RU7,SAL,SHO,SKB,CLB,SRF,TTE,TRI,VBV,WLF,WRF,WRG
2004,CRO,0.0033222591362126247,0.006666666666666667,0.006153846153846154,0,0,0.0,0,0.0,2.0,0,0.0,0,0.0,0,0.0,0.0,0,0,0.0,0,0,0.0,0,0.0,0,0,0,0.0,0,0,4.5,0.0,0,0.14285714285714285,0,0.0,0.0,0,0,0,0.0,0,0,0.2,0,0.0
2008,CRO,0.0,0.006600660066006601,0.0084985835694051,0,0,0.0,0,0.03125,1.3333333333333333,0,0.0,0,0.0,0,0.0,0.0,0,0,0.0,0,0,0.0,0,0.0,0,0,0,0.0,0,0,13.5,0.0,0,0.17857142857142858,0,0.0,0.0,0,0,0,0.0,0,0,0.0,0,0.0
2012,CRO,0.009900990099009901,0.003278688524590164,0.005681818181818182,0,0,0.0,0,0.0,0.0,0,0.0,0,0.0,0,0.0,0.0,0,0,0.0,0,0,0.0,0,0.0,0,0,0,0.0,0,0,3.75,0.0,0,0.0,0,0.0,0.06666666666666667,0,0,0,0.0,0,0,0.0,0,0.0
2016,CRO,0.016339869281045753,0.009771986970684038,0.005571030640668524,0,0,0.0,0,0.0,4.25,0,0.0851063829787234,0,0.0,0,0.0,0.0,0,0,0.0,0,0,0.0,0,0.0,0,0,0,0.0,0,0,2.5,0.0,0,0.42857142857142855,0,0.0,0.23333333333333334,0,0,0,0.0,0,0,0.0,0,0.0
2020,CRO,0.008823529411764706,0.008875739644970414,0.004975124378109453,0,0,0.0,0,0.0,1.0,0,0.0625,0,0.0,0,0.0,0.0,0,0,0.0,0,0,0.0,0,0.0,0,0,0,0.0,0,0,0.0,0.0,0,0.14285714285714285,0,0.0,0.0,0,0,0,0.0,0,0,0.0,0,0.0
2024,CRO,0.006097560975609756,0.0061162079510703364,0.0078125,0,0,0.0,0,0.0,0.0,0,0.03125,0,0.0,0,0.0,0.0,0,0,0.0,0,0,0.0,0,0.0,0,0,0,0.14285714285714285,0,0,0.25,0.0,0,0.5476190476190477,0,0.0,0.1,0,0,0,0.0,0,0,0.0,0,0.0
