Year,NOC,Gold_rate,Silver_rate,Bronze_rate,Total_rate,Host,SWA,DIV,OWS,SWM,WPO,ARC,ATH,BDM,BK3,BKB,BOX,BKG,CSP,CSL,BMF,BMX,MTB,CRD,CTR,EDR,EVE,EJP,FEN,HOC,FBL,GLF,GAR,GRY,GTR,HBL,JUD,MPN,ROW,RU7,SAL,SHO,SKB,CLB,SRF,TTE,TKW,TEN,TRI,VBV,VVO,WLF,WRF,WRG
2004,CRO,0.0033222591362126247,0.006666666666666667,0.006153846153846154,0.005399568034557235,0,0,0.0,0,0.25,2.6666666666666665,0,0.0,0,0,0.0,0.0,0,0.0,0.0,0.0,0,0,0.0,0,0,0.0,0,0.0,0,0,0,0.0,0,0,45.0,0.0,0,2.833333333333333,0,0.0,0.0,0,0,0,0.0,0.0,0.5,0,0,0,2.0,0,0.0
2008,CRO,0.0,0.006600660066006601,0.0084985835694051,0.005219206680584551,0,0,0.0,0,0.16666666666666666,1.5,0,0.6666666666666666,0,0,0.0,0.0,0,0.0,0.0,0.0,0,0,0.0,0,0,0.0,0,0.0,0,0,0,0.0,0,0,14.0,0.0,0,1.75,0,0.0,0.5,0,0,0,0.0,1.5,0.0,0,0,0,0.0,0,0.0
2012,CRO,0.009900990099009901,0.003278688524590164,0.005681818181818182,0.00625,0,0,0.0,0,0.0,24.25,0,3.0,0,0,0.0,0.0,0,0.0,0.0,0.0,0,0,0.0,0,0,0.0,0,0.0,0,0,0,0.0,0,0,15.166666666666668,0.0,0,8.0,0,0.0,3.25,0,0,0,0.0,1.0,0.0,0,0,0,0.0,0,0.0
2016,CRO,0.016339869281045753,0.009771986970684038,0.005571030640668524,0.0102880658436214,0,0,0.0,0,0.0,24.750000000000004,0,7.0,0,0,0.0,1.0,0,0.0,0.0,0.0,0,0,0.0,0,0,0.0,0,0.0,0,0,0,0.0,0,0,2.6666666666666665,0.0,0,7.0,0,3.0,3.166666666666667,0,0,0,0.0,0.5,0.0,0,0,0,0.0,0,0.0
2020,CRO,0.008823529411764706,0.008875739644970414,0.004975124378109453,0.007407407407407408,0,0,0.0,0,0.0,1.0,0,1.5,0,0,0.0,0.0,0,0.0,0.0,0.0,0,0,0.0,0,0,0.0,0,0.0,0,0,0,2.0,0,0,0.0,0.0,0,7.666666666666667,0,2.0,0.0,0,0,0,0.0,4.0,7.5,0,0,0,0.0,0,0.0
2024,CRO,0.006097560975609756,0.0061162079510703364,0.0078125,0.006737247353224254,0,0,0.0,0,0.0,20.0,0,2.0,0,0,0.0,0.0,0,0.0,0.0,0.0,0,0,0.0,0,0,0.0,0,0.0,0,0,0,1.0,0,0,0.3333333333333333,1.5,0,7.25,0,0.0,1.25,0,0,0,0.0,1.0,3.5,0,0,0,0.0,0,0.0
