Year,NOC,Gold_rate,Silver_rate,Bronze_rate,Host,SWA,DIV,OWS,SWM,WPO,ARC,ATH,BK3,BOX,BKG,CSL,BMF,BMX,MTB,CRD,CTR,EDR,EVE,EJP,FEN,HOC,FBL,GLF,GAR,GRY,GTR,HBL,JUD,MPN,ROW,RU7,SAL,SHO,SKB,CLB,SRF,TTE,TRI,VBV,WLF,WRF,WRG
2000,CYP,0.0,0.0,0.0,0,0,0,0,0.0,0,0.0,0.0,0,0,0,0,0,0,0,0.0,0,0,0,0,0.0,0,0,0,0.0,0.0,0,0,0.0,0,0,0,0.0,0.0,0,0,0,0,0,0,0.0,0,0
2004,CYP,0.0,0.0,0.0,0,0,0,0,0.0,0,0.0,0.0,0,0,0,0,0,0,0,0.0,0,0,0,0,0.0,0,0,0,0.0,0.0,0,0,0.0,0,0,0,0.0,0.0,0,0,0,0,0,0,0.0,0,0
2008,CYP,0.0,0.0,0.0,0,0,0,0,0.0,0,0.0,0.0,0,0,0,0,0,0,0,0.0,0,0,0,0,0.0,0,0,0,0.0,0.0,0,0,0.0,0,0,0,0.0,0.0,0,0,0,0,0,0,0.0,0,0
2012,CYP,0.0,0.003278688524590164,0.0,0,0,0,0,0.0,0,0.0,0.0,0,0,0,0,0,0,0,0.0,0,0,0,0,0.0,0,0,0,0.0,0.0,0,0,0.0,0,0,0,0.0,0.0,0,0,0,0,0,0,0.0,0,0
2016,CYP,0.0,0.0,0.0,0,0,0,0,0.0,0,0.0,0.0,0,0,0,0,0,0,0,0.0,0,0,0,0,0.0,0,0,0,0.0,0.0,0,0,0.0,0,0,0,0.1,0.0,0,0,0,0,0,0,0.0,0,0
2020,CYP,0.0,0.0,0.0,0,0,0,0,0.0,0,0.0,0.0,0,0,0,0,0,0,0,0.0,0,0,0,0,0.0,0,0,0,0.0,0.0,0,0,0.0,0,0,0,0.06666666666666667,0.0,0,0,0,0,0,0,0.0,0,0
2024,CYP,0.0,0.0030581039755351682,0.0,0,0,0,0,0.0,0,0.0,0.0,0,0,0,0,0,0,0,0.0,0,0,0,0,0.0,0,0,0,0.0,0.0,0,0,0.0,0,0,0,0.06666666666666667,0.0,0,0,0,0,0,0,0.0,0,0
