Year,NOC,Gold_rate,Silver_rate,Bronze_rate,Total_rate,Host,SWA,DIV,OWS,SWM,WPO,ARC,ATH,BDM,BK3,BKB,BOX,BKG,CSP,CSL,BMF,BMX,MTB,CRD,CTR,EDR,EVE,EJP,FEN,HOC,FBL,GLF,GAR,GRY,GTR,HBL,JUD,MPN,ROW,RU7,SAL,SHO,SKB,CLB,SRF,TTE,TKW,TEN,TRI,VBV,VVO,WLF,WRF,WRG
2000,CYP,0.0,0.0,0.0,0.0,0,0,0,0,0.0,0,0.0,0.0,0,0,0,0,0,0,0,0,0,0,0.0,0,0,0,0,0.0,0,0,0,0.0,0.0,0,0,0.0,0,0,0,0.0,0.0,0,0,0,0,0,0.0,0,0,0,0.0,0,0
2004,CYP,0.0,0.0,0.0,0.0,0,0,0,0,0.0,0,0.0,0.0,0,0,0,0,0,0,0,0,0,0,0.0,0,0,0,0,0.0,0,0,0,0.0,0.0,0,0,0.0,0,0,0,0.0,0.0,0,0,0,0,0,0.0,0,0,0,0.0,0,0
2008,CYP,0.0,0.0,0.0,0.0,0,0,0,0,0.0,0,0.0,0.0,0,0,0,0,0,0,0,0,0,0,0.0,0,0,0,0,0.0,0,0,0,0.0,0.0,0,0,0.0,0,0,0,0.0,0.0,0,0,0,0,0,0.0,0,0,0,0.0,0,0
2012,CYP,0.0,0.003278688524590164,0.0,0.0010416666666666667,0,0,0,0,0.0,0,0.0,0.0,0,0,0,0,0,0,0,0,0,0,0.0,0,0,0,0,0.0,0,0,0,0.0,0.0,0,0,0.0,0,0,0,1.0,0.0,0,0,0,0,0,0.0,0,0,0,0.0,0,0
2016,CYP,0.0,0.0,0.0,0.0,0,0,0,0,0.0,0,0.0,0.0,0,0,0,0,0,0,0,0,0,0,0.0,0,0,0,0,0.0,0,0,0,0.0,0.0,0,0,0.0,0,0,0,0.6666666666666666,0.0,0,0,0,0,0,0.0,0,0,0,0.0,0,0
2020,CYP,0.0,0.0,0.0,0.0,0,0,0,0,0.0,0,0.0,0.0,0,0,0,0,0,0,0,0,0,0,0.0,0,0,0,0,0.0,0,0,0,0.0,0.0,0,0,0.0,0,0,0,0.5,0.0,0,0,0,0,0,0.0,0,0,0,0.0,0,0
2024,CYP,0.0,0.0030581039755351682,0.0,0.0009624639076034649,0,0,0,0,0.0,0,0.0,0.0,0,0,0,0,0,0,0,0,0,0,0.0,0,0,0,0,0.0,0,0,0,0.0,0.0,0,0,0.0,0,0,0,1.0,0.0,0,0,0,0,0,0.0,0,0,0,0.0,0,0
