Year,NOC,Gold_rate,Silver_rate,Bronze_rate,Host,SWA,DIV,OWS,SWM,WPO,ARC,ATH,BK3,BOX,BKG,CSL,BMF,BMX,MTB,CRD,CTR,EDR,EVE,EJP,FEN,HOC,FBL,GLF,GAR,GRY,GTR,HBL,JUD,MPN,ROW,RU7,SAL,SHO,SKB,CLB,SRF,TTE,TRI,VBV,WLF,WRF,WRG
2008,CZE,0.009933774834437087,0.009900990099009901,0.0028328611898017,0,0,0,0.0,0.0,0,0.0,0.09574468085106383,0,0.0,0,0.75,0.0,0,0.0,0.0,0,0,0.0,0.0,0.0,0,0,0.0,0.0,0,0.0,0,0.0,0.0,0.2857142857142857,0,0.09090909090909091,0.22222222222222224,0,0.0,0,0.0,0.0,0.0,0.0,0.0,0.0
2012,CZE,0.013201320132013201,0.013114754098360656,0.008522727272727272,0,0,0,0.0,0.0,0,0.0,0.08865248226950355,0,0.0,0,0.75,0.0,0,0.0,0.0,0,0,0.0,0.0,0.0,0,0,0.0,0.0,0,0.0,0,0.0,0.0,0.07142857142857142,0,0.0,0.36666666666666664,0,0.0,0,0.0,0.0,0.0,0.0,0.0,0.0
2016,CZE,0.0032679738562091504,0.006514657980456026,0.019498607242339833,0,0,0,0.0,0.0,0,0.0,0.06028368794326241,0,0.0,0,0.0,0.0,0,0.0,0.0,0,0,0.0,0.0,0.0,0,0,0.0,0.0,0,0.0,0,0.0,0.75,0.16666666666666666,0,0.0,0.13333333333333333,0,0.0,0,0.0,0.0,0.0,0.0,0.0,0.0
2020,CZE,0.011764705882352941,0.011834319526627219,0.007462686567164179,0,0,0,0.0,0.0,0,0.0,0.0,0,0.0,0,0.0,0.0,0,0.0,0.0,0,0,0.0,0.0,0.0,0,0,0.0,0.0,0,0.0,0,0.0,0.0,0.0,0,0.0,0.0,0,0.0,0,0.0,0.0,0.0,0.0,0.0,0.0
2024,CZE,0.009146341463414634,0.0,0.005208333333333333,0,0,0,0.0,0.0,0,0.0,0.013888888888888888,0,0.0,0,0.8333333333333334,0.0,0,0.0,0.0,0,0,0.0,0.0,0.041666666666666664,0,0,0.0,0.0,0,0.0,0,0.2,0.0,0.0,0,0.0,0.2,0,0.0,0,0.0,0.0,0.0,0.0,0.0,0.0
