Year,NOC,Gold_rate,Silver_rate,Bronze_rate,Total_rate,Host,SWA,DIV,OWS,SWM,WPO,ARC,ATH,BDM,BK3,BKB,BOX,BKG,CSP,CSL,BMF,BMX,MTB,CRD,CTR,EDR,EVE,EJP,FEN,HOC,FBL,GLF,GAR,GRY,GTR,HBL,JUD,MPN,ROW,RU7,SAL,SHO,SKB,CLB,SRF,TTE,TKW,TEN,TRI,VBV,VVO,WLF,WRF,WRG
2008,CZE,0.009933774834437087,0.009900990099009901,0.0028328611898017,0.007306889352818371,0,0,0,0.0,0.0,0,0.0,4.166666666666667,0.0,0,0.0,0.0,0,0.0,3.5,0.0,0,0.0,0.0,0,0,0.0,0.0,0.0,0,0,0.0,0.0,0,0.0,0,0.0,0.0,3.0,0,0.6666666666666666,3.125,0,0.0,0,0.0,0.0,0.0,0.0,0.0,0,0.0,0.0,0.0
2012,CZE,0.013201320132013201,0.013114754098360656,0.008522727272727272,0.011458333333333333,0,0,0,0.0,0.0,0,0.0,4.166666666666667,0.0,0,0.0,0.0,0,0.0,2.75,0.0,0,0.0,0.0,0,0,0.0,0.0,0.0,0,0,0.0,0.0,0,0.0,0,0.0,1.5,2.333333333333333,0,0.0,2.583333333333333,0,0.0,0,0.0,0.0,3.0,0.0,0.0,0,0.0,0.0,0.0
2016,CZE,0.0032679738562091504,0.006514657980456026,0.019498607242339833,0.0102880658436214,0,0,0,0.0,0.0,0,0.0,2.166666666666667,0.0,0,0.0,0.0,0,0.0,1.0,0.0,0,0.0,0.0,0,0,0.0,0.0,0.0,0,0,0.0,0.0,0,0.0,0,1.5,1.0,2.0,0,0.0,1.1666666666666667,0,0.0,0,0.0,0.0,2.5833333333333335,0.0,0.0,0,0.0,0.0,0.0
2020,CZE,0.011764705882352941,0.011834319526627219,0.007462686567164179,0.010185185185185186,0,0,0,0.0,0.0,0,0.0,1.6666666666666665,0.0,0,0.0,0.0,0,1.5,5.0,0.0,0,0.0,0.0,0,0,0.0,0.0,0.5,0,0,0.0,0.0,0,0.0,0,3.0,0.0,0.0,0,0.0,5.0,0,0.0,0,0.0,0.0,5.5,0.0,0.0,0,0.0,0.0,0.0
2024,CZE,0.009146341463414634,0.0,0.005208333333333333,0.004812319538017324,0,0,0,0.0,0.0,0,0.0,1.0,0.0,0,0.0,0.0,0,2.75,2.5,0.0,0,0.0,0.0,0,0,0.0,0.0,2.5833333333333335,0,0,0.0,0.0,0,0.0,0,1.5,0.0,0.0,0,0.0,1.5,0,0.0,0,0.0,0.0,3.25,0.0,0.0,0,0.0,0.0,0.0
