Year,NOC,Gold_rate,Silver_rate,Bronze_rate,Total_rate,Host,SWA,DIV,OWS,SWM,WPO,ARC,ATH,BK3,BOX,BKG,CSL,BMF,BMX,MTB,CRD,CTR,EDR,EVE,EJP,FEN,HOC,FBL,GLF,GAR,GRY,GTR,HBL,JUD,MPN,ROW,RU7,SAL,SHO,SKB,CLB,SRF,TTE,TRI,VBV,WLF,WRF,WRG
2008,CZE,0.009933774834437087,0.009900990099009901,0.0028328611898017,0.007306889352818371,0,0,0,0.0,0.0,0,0.0,0.08865248226950355,0,0.0,0,0.875,0.0,0,0.0,0.0,0,0,0.0,0.0,0.0,0,0,0.0,0.0,0,0.0,0,0.0,0.0,0.21428571428571427,0,0.0606060606060606,0.35,0,0.0,0,0.0,0.0,0.0,0.0,0.0,0.0
2012,CZE,0.013201320132013201,0.013114754098360656,0.008522727272727272,0.011458333333333333,0,0,0,0.0,0.0,0,0.0,0.09397163120567374,0,0.0,0,0.8125,0.0,0,0.0,0.0,0,0,0.0,0.0,0.0,0,0,0.0,0.0,0,0.0,0,0.0,0.75,0.16666666666666666,0,0.0,0.27777777777777773,0,0.0,0,0.0,0.0,0.0,0.0,0.0,0.0
2016,CZE,0.0032679738562091504,0.006514657980456026,0.019498607242339833,0.0102880658436214,0,0,0,0.0,0.0,0,0.0,0.04964539007092198,0,0.0,0,0.25,0.0,0,0.0,0.0,0,0,0.0,0.0,0.0,0,0,0.0,0.0,0,0.0,0,0.10714285714285714,0.5,0.14285714285714285,0,0.0,0.08888888888888888,0,0.0,0,0.0,0.0,0.0,0.0,0.0,0.0
2020,CZE,0.011764705882352941,0.011834319526627219,0.007462686567164179,0.010185185185185186,0,0,0,0.0,0.0,0,0.0,0.03472222222222222,0,0.0,0,1.25,0.0,0,0.0,0.0,0,0,0.0,0.0,0.041666666666666664,0,0,0.0,0.0,0,0.0,0,0.2,0.0,0.0,0,0.0,0.3333333333333333,0,0.0,0,0.0,0.0,0.0,0.0,0.0,0.0
2024,CZE,0.009146341463414634,0.0,0.005208333333333333,0.004812319538017324,0,0,0,0.0,0.0,0,0.0,0.020833333333333332,0,0.0,0,0.4166666666666667,0.0,0,0.0,0.0,0,0,0.0,0.0,0.3194444444444445,0,0,0.0,0.0,0,0.0,0,0.1,0.0,0.0,0,0.0,0.1,0,0.0,0,0.0,0.0,0.0,0.0,0.0,0.0
