Year,NOC,Gold_rate,Silver_rate,Bronze_rate,Total_rate,Host,SWA,DIV,OWS,SWM,WPO,ARC,ATH,BDM,BK3,BKB,BOX,BKG,CSP,CSL,BMF,BMX,MTB,CRD,CTR,EDR,EVE,EJP,FEN,HOC,FBL,GLF,GAR,GRY,GTR,HBL,JUD,MPN,ROW,RU7,SAL,SHO,SKB,CLB,SRF,TTE,TKW,TEN,TRI,VBV,VVO,WLF,WRF,WRG
2004,EST,0.0,0.0033333333333333335,0.006153846153846154,0.0032397408207343412,0,0,0,0,0.0,0,0.0,1.0833333333333333,0.0,0,0,0,0,0,0,0,0,0.0,0.0,0,0.0,0,0.0,0.0,0,0,0,0,0.0,0,0,1.0,0,0.5,0,0.0,0.0,0,0,0,0,0,0.0,0.0,0.0,0,0.0,0.0,0.0
2008,EST,0.0033112582781456954,0.0033003300330033004,0.0,0.0020876826722338203,0,0,0,0,0.0,0,0.0,1.75,0.0,0,0,0,0,0,0,0,0,0.0,0.0,0,0.0,0,0.0,0.0,0,0,0,0,0.0,0,0,0.0,0,2.0,0,0.0,0.0,0,0,0,0,0,0.0,0.0,0.0,0,0.0,0.0,0.0
2012,EST,0.0,0.003278688524590164,0.002840909090909091,0.0020833333333333333,0,0,0,0,0.0,0,0.0,1.5833333333333333,0.0,0,0,0,0,0,0,0,0,0.0,0.0,0,0.0,0,0.0,0.0,0,0,0,0,0.0,0,0,0.0,0,0.6666666666666666,0,0.0,0.0,0,0,0,0,0,0.0,0.0,0.0,0,0.0,0.0,2.0
2016,EST,0.0,0.0,0.002785515320334262,0.00102880658436214,0,0,0,0,0.0,0,0.0,1.0,0.0,0,0,0,0,0,0,0,0,0.0,0.0,0,0.0,0,0.0,0.0,0,0,0,0,0.0,0,0,0.0,0,1.6666666666666665,0,0.0,0.0,0,0,0,0,0,0.0,0.0,0.0,0,0.0,0.0,1.0
2020,EST,0.0029411764705882353,0.0,0.0024875621890547263,0.001851851851851852,0,0,0,0,0.0,0,0.0,0.0,0.0,0,0,0,0,0,0,0,0,0.0,0.0,0,0.0,0,0.0,6.5,0,0,0,0,0.0,0,0,0.0,0,0.5,0,0.0,0.0,0,0,0,0,0,0.0,0.0,0.0,0,0.0,0.0,0.0
2024,EST,0.0,0.0,0.0,0.0,0,0,0,0,0.0,0,0.0,0.0,0.0,0,0,0,0,0,0,0,0,0.0,0.0,0,0.0,0,0.0,0.0,0,0,0,0,0.0,0,0,0.0,0,0.25,0,0.0,0.0,0,0,0,0,0,0.0,0.0,0.0,0,0.0,0.0,0.6666666666666666
