Year,NOC,Gold_rate,Silver_rate,Bronze_rate,Host,SWA,DIV,OWS,SWM,WPO,ARC,ATH,BK3,BOX,BKG,CSL,BMF,BMX,MTB,CRD,CTR,EDR,EVE,EJP,FEN,HOC,FBL,GLF,GAR,GRY,GTR,HBL,JUD,MPN,ROW,RU7,SAL,SHO,SKB,CLB,SRF,TTE,TRI,VBV,WLF,WRF,WRG
2004,EST,0.0,0.0033333333333333335,0.006153846153846154,0,0,0,0,0.0,0,0.0,0.021739130434782608,0,0,0,0,0,0,0.0,0.0,0,0.0,0,0.0,0.0,0,0,0,0,0.0,0,0,0.09523809523809523,0,0.0,0,0.0,0.0,0,0,0,0,0.0,0.0,0.0,0.0,0.0
2008,EST,0.0033112582781456954,0.0033003300330033004,0.0,0,0,0,0,0.0,0,0.0,0.0070921985815602835,0,0,0,0,0,0,0.0,0.0,0,0.0,0,0.0,0.0,0,0,0,0,0.0,0,0,0.0,0,0.047619047619047616,0,0.0,0.0,0,0,0,0,0.0,0.0,0.0,0.0,0.0
2012,EST,0.0,0.003278688524590164,0.002840909090909091,0,0,0,0,0.0,0,0.0,0.03900709219858156,0,0,0,0,0,0,0.0,0.0,0,0.0,0,0.0,0.0,0,0,0,0,0.0,0,0,0.0,0,0.07142857142857142,0,0.0,0.0,0,0,0,0,0.0,0.0,0.0,0.0,0.0
2016,EST,0.0,0.0,0.002785515320334262,0,0,0,0,0.0,0,0.0,0.028368794326241134,0,0,0,0,0,0,0.0,0.0,0,0.0,0,0.0,0.0,0,0,0,0,0.0,0,0,0.0,0,0.047619047619047616,0,0.0,0.0,0,0,0,0,0.0,0.0,0.0,0.0,0.3333333333333333
2020,EST,0.0029411764705882353,0.0,0.0024875621890547263,0,0,0,0,0.0,0,0.0,0.0,0,0,0,0,0,0,0.0,0.0,0,0.0,0,0.0,0.0,0,0,0,0,0.0,0,0,0.0,0,0.047619047619047616,0,0.0,0.0,0,0,0,0,0.0,0.0,0.0,0.0,0.0
2024,EST,0.0,0.0,0.0,0,0,0,0,0.0,0,0.0,0.0,0,0,0,0,0,0,0.0,0.0,0,0.0,0,0.0,0.0,0,0,0,0,0.0,0,0,0.0,0,0.023809523809523808,0,0.0,0.0,0,0,0,0,0.0,0.0,0.0,0.0,0.16666666666666666
