Year,NOC,Gold_rate,Silver_rate,Bronze_rate,Total_rate,Host,SWA,DIV,OWS,SWM,WPO,ARC,ATH,BK3,BOX,BKG,CSL,BMF,BMX,MTB,CRD,CTR,EDR,EVE,EJP,FEN,HOC,FBL,GLF,GAR,GRY,GTR,HBL,JUD,MPN,ROW,RU7,SAL,SHO,SKB,CLB,SRF,TTE,TRI,VBV,WLF,WRF,WRG
2004,EST,0.0,0.0033333333333333335,0.006153846153846154,0.0032397408207343412,0,0,0,0,0.0,0,0.0,0.023550724637681156,0,0,0,0,0,0,0.0,0.0,0,0.0,0,0.0,0.0,0,0,0,0,0.0,0,0,0.07142857142857142,0,0.03571428571428571,0,0.0,0.0,0,0,0,0,0.0,0.0,0.0,0.0,0.0
2008,EST,0.0033112582781456954,0.0033003300330033004,0.0,0.0020876826722338203,0,0,0,0,0.0,0,0.0,0.03723404255319149,0,0,0,0,0,0,0.0,0.0,0,0.0,0,0.0,0.0,0,0,0,0,0.0,0,0,0.0,0,0.14285714285714285,0,0.0,0.0,0,0,0,0,0.0,0.0,0.0,0.0,0.0
2012,EST,0.0,0.003278688524590164,0.002840909090909091,0.0020833333333333333,0,0,0,0,0.0,0,0.0,0.03368794326241135,0,0,0,0,0,0,0.0,0.0,0,0.0,0,0.0,0.0,0,0,0,0,0.0,0,0,0.0,0,0.047619047619047616,0,0.0,0.0,0,0,0,0,0.0,0.0,0.0,0.0,0.2857142857142857
2016,EST,0.0,0.0,0.002785515320334262,0.00102880658436214,0,0,0,0,0.0,0,0.0,0.02127659574468085,0,0,0,0,0,0,0.0,0.0,0,0.0,0,0.0,0.0,0,0,0,0,0.0,0,0,0.0,0,0.11904761904761904,0,0.0,0.0,0,0,0,0,0.0,0.0,0.0,0.0,0.16666666666666666
2020,EST,0.0029411764705882353,0.0,0.0024875621890547263,0.001851851851851852,0,0,0,0,0.0,0,0.0,0.0,0,0,0,0,0,0,0.0,0.0,0,0.0,0,0.0,0.8333333333333334,0,0,0,0,0.0,0,0,0.0,0,0.03571428571428571,0,0.0,0.0,0,0,0,0,0.0,0.0,0.0,0.0,0.0
2024,EST,0.0,0.0,0.0,0.0,0,0,0,0,0.0,0,0.0,0.0,0,0,0,0,0,0,0.0,0.0,0,0.0,0,0.0,0.0,0,0,0,0,0.0,0,0,0.0,0,0.017857142857142856,0,0.0,0.0,0,0,0,0,0.0,0.0,0.0,0.0,0.1111111111111111
