Year,NOC,Gold_rate,Silver_rate,Bronze_rate,Host,SWA,DIV,OWS,SWM,WPO,ARC,ATH,BK3,BOX,BKG,CSL,BMF,BMX,MTB,CRD,CTR,EDR,EVE,EJP,FEN,HOC,FBL,GLF,GAR,GRY,GTR,HBL,JUD,MPN,ROW,RU7,SAL,SHO,SKB,CLB,SRF,TTE,TRI,VBV,WLF,WRF,WRG
2008,GEO,0.009933774834437087,0.006600660066006601,0.0056657223796034,0,0,0,0,0.0,0,0.0,0.0,0,0.0,0,0,0,0,0,0,0,0,0,0,0.0,0,0,0,0,0.0,0.0,0,0.07142857142857142,0,0,0,0,0.0,0,0,0,0,0,0.0,0.0,0.0,0.2857142857142857
2012,GEO,0.0033003300330033004,0.006557377049180328,0.008522727272727272,0,0,0,0,0.0,0,0.0,0.0,0,0.0,0,0,0,0,0,0,0,0,0,0,0.0,0,0,0,0,0.0,0.0,0,0.0,0,0,0,0,0.02222222222222222,0,0,0,0,0,0.0,0.0,0.1212121212121212,0.0
2016,GEO,0.006535947712418301,0.003257328990228013,0.011142061281337047,0,0,0,0,0.0,0,0.0,0.0,0,0.0,0,0,0,0,0,0,0,0,0,0,0.0,0,0,0,0,0.0,0.0,0,0.21428571428571427,0,0,0,0,0.02222222222222222,0,0,0,0,0,0.0,0.0,0.16666666666666666,0.0
2020,GEO,0.0058823529411764705,0.014792899408284023,0.0024875621890547263,0,0,0,0,0.0,0,0.0,0.0,0,0.0,0,0,0,0,0,0,0,0,0,0,0.0,0,0,0,0,0.0,0.0,0,0.13333333333333333,0,0,0,0,0.0,0,0,0,0,0,0.0,0.21428571428571427,0.08333333333333333,0.0
2024,GEO,0.009146341463414634,0.009174311926605505,0.0026041666666666665,0,0,0,0,0.0,0,0.0,0.0,0,0.0,0,0,0,0,0,0,0,0,0,0,0.0,0,0,0,0,0.0,0.0,0,0.5333333333333333,0,0,0,0,0.0,0,0,0,0,0,0.0,0.3,0.125,0.0
