Year,NOC,Gold_rate,Silver_rate,Bronze_rate,Total_rate,Host,SWA,DIV,OWS,SWM,WPO,ARC,ATH,BDM,BK3,BKB,BOX,BKG,CSP,CSL,BMF,BMX,MTB,CRD,CTR,EDR,EVE,EJP,FEN,HOC,FBL,GLF,GAR,GRY,GTR,HBL,JUD,MPN,ROW,RU7,SAL,SHO,SKB,CLB,SRF,TTE,TKW,TEN,TRI,VBV,VVO,WLF,WRF,WRG
2008,GEO,0.009933774834437087,0.006600660066006601,0.0056657223796034,0.007306889352818371,0,0,0,0,0.0,0,0.0,0.0,0,0,0,0.0,0,0,0,0,0,0,0,0,0,0,0,0.0,0,0,0,0,0.0,0.0,0,3.6666666666666665,0,0,0,0,0.125,0,0,0,0,0,0.0,0,0.0,0,0.0,2.8333333333333335,2.5
2012,GEO,0.0033003300330033004,0.006557377049180328,0.008522727272727272,0.00625,0,0,0,0,0.0,0,0.0,0.0,0,0,0,0.0,0,0,0,0,0,0,0,0,0,0,0,0.0,0,0,0,0,0.0,0.0,0,3.0,0,0,0,0,0.125,0,0,0,0,0,0.0,0,0.0,0,0.0,6.25,3.0
2016,GEO,0.006535947712418301,0.003257328990228013,0.011142061281337047,0.00720164609053498,0,0,0,0,0.0,0,0.0,0.0,0,0,0,0.0,0,0,0,0,0,0,0,0,0,0,0,0.0,0,0,0,0,0.0,0.0,0,3.0,0,0,0,0,0.125,0,0,0,0,0,0.0,0,0.0,0,3.5,3.5,1.0
2020,GEO,0.0058823529411764705,0.014792899408284023,0.0024875621890547263,0.007407407407407408,0,0,0,0,0.0,0,0.0,0.0,0,0,0,0.0,0,0,0,0,0,0,0,0,0,0,0,0.0,0,0,0,0,0.0,0.0,0,8.0,0,0,0,0,0.0,0,0,0,0,0,0.0,0,0.0,0,4.0,1.5,2.0
2024,GEO,0.009146341463414634,0.009174311926605505,0.0026041666666666665,0.006737247353224254,0,0,0,0,0.0,0,0.0,0.0,0,0,0,1.0,0,0,0,0,0,0,0,0,0,0,0,0.0,0,0,0,0,0.0,0.0,0,6.916666666666667,0,0,0,0,0.0,0,0,0,0,0,0.0,0,0.0,0,3.0,4.0,0.0
