Year,NOC,Gold_rate,Silver_rate,Bronze_rate,Total_rate,Host,SWA,DIV,OWS,SWM,WPO,ARC,ATH,BK3,BOX,BKG,CSL,BMF,BMX,MTB,CRD,CTR,EDR,EVE,EJP,FEN,HOC,FBL,GLF,GAR,GRY,GTR,HBL,JUD,MPN,ROW,RU7,SAL,SHO,SKB,CLB,SRF,TTE,TRI,VBV,WLF,WRF,WRG
2008,GEO,0.009933774834437087,0.006600660066006601,0.0056657223796034,0.007306889352818371,0,0,0,0,0.0,0,0.0,0.0,0,0.0,0,0,0,0,0,0,0,0,0,0,0.0,0,0,0,0,0.0,0.0,0,0.2619047619047619,0,0,0,0,0.016666666666666666,0,0,0,0,0,0.0,0.0,0.25757575757575757,0.35714285714285715
2012,GEO,0.0033003300330033004,0.006557377049180328,0.008522727272727272,0.00625,0,0,0,0,0.0,0,0.0,0.0,0,0.0,0,0,0,0,0,0,0,0,0,0,0.0,0,0,0,0,0.0,0.0,0,0.21428571428571427,0,0,0,0,0.016666666666666666,0,0,0,0,0,0.0,0.0,0.5681818181818182,0.42857142857142855
2016,GEO,0.006535947712418301,0.003257328990228013,0.011142061281337047,0.00720164609053498,0,0,0,0,0.0,0,0.0,0.0,0,0.0,0,0,0,0,0,0,0,0,0,0,0.0,0,0,0,0,0.0,0.0,0,0.21428571428571427,0,0,0,0,0.016666666666666666,0,0,0,0,0,0.0,0.23333333333333334,0.2916666666666667,0.16666666666666666
2020,GEO,0.0058823529411764705,0.014792899408284023,0.0024875621890547263,0.007407407407407408,0,0,0,0,0.0,0,0.0,0.0,0,0.0,0,0,0,0,0,0,0,0,0,0,0.0,0,0,0,0,0.0,0.0,0,0.5333333333333333,0,0,0,0,0.0,0,0,0,0,0,0.0,0.2857142857142857,0.125,0.3333333333333333
2024,GEO,0.009146341463414634,0.009174311926605505,0.0026041666666666665,0.006737247353224254,0,0,0,0,0.0,0,0.0,0.0,0,0.07692307692307693,0,0,0,0,0,0,0,0,0,0,0.0,0,0,0,0,0.0,0.0,0,0.611111111111111,0,0,0,0,0.0,0,0,0,0,0,0.0,0.3,0.3333333333333333,0.0
