Year,NOC,Gold_rate,Silver_rate,Bronze_rate,Host,SWA,DIV,OWS,SWM,WPO,ARC,ATH,BK3,BOX,BKG,CSL,BMF,BMX,MTB,CRD,CTR,EDR,EVE,EJP,FEN,HOC,FBL,GLF,GAR,GRY,GTR,HBL,JUD,MPN,ROW,RU7,SAL,SHO,SKB,CLB,SRF,TTE,TRI,VBV,WLF,WRF,WRG
2008,KAZ,0.006622516556291391,0.009900990099009901,0.0113314447592068,0,0.0,0,0.0,0.0,0.0,0.0,0.02127659574468085,0,0.2727272727272727,0.0,0.0,0,0,0,0.0,0,0,0,0,0.0,0,0,0,0.0,0.0,0.0,0.0,0.0,0.0,0.0,0,0,0.0,0,0.0,0,0.0,0.0,0,0.0,0.09090909090909091,0.0
2012,KAZ,0.009900990099009901,0.006557377049180328,0.017045454545454544,0,0.0,0,0.0,0.0,0.0,0.0,0.010638297872340425,0,0.0,0.0,0.0,0,0,0,0.0,0,0,0,0,0.0,0,0,0,0.0,0.0,0.0,0.0,0.0,0.0,0.0,0,0,0.0,0,0.0,0,0.0,0.0,0,0.2,0.2727272727272727,0.0
2016,KAZ,0.006535947712418301,0.016286644951140065,0.027855153203342618,0,0.0,0,0.0,0.0,0.0,0.0,0.031914893617021274,0,0.23076923076923078,0.0,0.0,0,0,0,0.0,0,0,0,0,0.0,0,0,0,0.0,0.0,0.0,0.0,0.0,0.0,0.0,0,0,0.0,0,0.0,0,0.0,0.0,0,0.0,0.08333333333333333,0.0
2020,KAZ,0.0,0.0,0.01990049751243781,0,0.0,0,0.0,0.0,0.0,0.0,0.0,0,0.0,0.0,0.0,0,0,0,0.0,0,0,0,0,0.0,0,0,0,0.0,0.0,0.0,0.0,0.13333333333333333,0.0,0.0,0,0,0.0,0,0.0,0,0.0,0.0,0,0.21428571428571427,0.08333333333333333,0.0
2024,KAZ,0.003048780487804878,0.009174311926605505,0.0078125,0,0.0,0,0.0,0.0,0.0,0.0,0.0,0,0.15384615384615385,0.0,0.0,0,0,0,0.0,0,0,0,0,0.0,0,0,0,0.0,0.0,0.0,0.0,0.1,0.0,0.0,0,0,0.0,0,0.0,0,0.0,0.0,0,0.0,0.0,0.0
