Year,NOC,Gold_rate,Silver_rate,Bronze_rate,Total_rate,Host,SWA,DIV,OWS,SWM,WPO,ARC,ATH,BDM,BK3,BKB,BOX,BKG,CSP,CSL,BMF,BMX,MTB,CRD,CTR,EDR,EVE,EJP,FEN,HOC,FBL,GLF,GAR,GRY,GTR,HBL,JUD,MPN,ROW,RU7,SAL,SHO,SKB,CLB,SRF,TTE,TKW,TEN,TRI,VBV,VVO,WLF,WRF,WRG
2008,KAZ,0.006622516556291391,0.009900990099009901,0.0113314447592068,0.009394572025052192,0,0.0,0,0.0,0.0,0.0,0.0,0.5,0.0,0,0,5.5,0.0,0.0,0.0,0,0,0,0.0,0,0,0,0,0.0,0,0,0,0.0,0.0,0.0,0.0,0.6666666666666666,0.0,0.0,0,0,0.0,0,0.0,0,0.0,1.0,0.0,0.0,0,0.0,8.0,4.166666666666666,1.0
2012,KAZ,0.009900990099009901,0.006557377049180328,0.017045454545454544,0.011458333333333333,0,0.0,0,0.0,0.0,0.0,0.0,1.8333333333333333,0.0,0,0,5.5,0.0,0.0,0.0,0,0,0,0.0,0,0,0,0,0.0,0,0,0,0.0,0.0,0.0,0.0,0.0,0.0,0.0,0,0,0.0,0,0.0,0,0.0,0.0,0.0,0.0,0,0.0,12.0,3.5,1.0
2016,KAZ,0.006535947712418301,0.016286644951140065,0.027855153203342618,0.01748971193415638,0,0.0,0,0.0,1.5,0.0,0.0,1.3333333333333333,0.0,0,0,7.5,0.0,0.0,0.0,0,0,0,0.0,0,0,0,0,0.0,0,0,0,0.0,0.0,0.0,0.0,3.0,0.0,0.0,0,0,0.0,0,0.0,0,0.0,0.0,0.0,0.0,0,0.0,8.5,3.5,0.0
2020,KAZ,0.0,0.0,0.01990049751243781,0.007407407407407408,0,0.0,0,0.0,0.0,0.0,0.0,0.0,0.0,0,0,2.0,0.0,0.0,0.0,0,0,0,0.0,0,0,0,0,0.0,0,0,0,0.0,0.0,0.0,0.0,1.5,0.0,0.0,0,0,0.0,0,0.0,0,0.0,0.0,0.0,0.0,0,0.0,3.0,1.0,0.0
2024,KAZ,0.003048780487804878,0.009174311926605505,0.0078125,0.006737247353224254,0,0.0,0,0.0,0.0,0.0,0.0,0.0,0.0,0,0,4.0,0.0,0.0,0.0,0,0,0,0.0,0,0,0,0,0.0,0,0,0,1.0,0.0,0.0,0.0,2.0,0.0,0.0,0,0,0.6666666666666666,0,0.0,0,0.0,0.0,0.0,0.0,0,0.0,0.0,0.0,1.0
