Year,NOC,Gold_rate,Silver_rate,Bronze_rate,Total_rate,Host,SWA,DIV,OWS,SWM,WPO,ARC,ATH,BK3,BOX,BKG,CSL,BMF,BMX,MTB,CRD,CTR,EDR,EVE,EJP,FEN,HOC,FBL,GLF,GAR,GRY,GTR,HBL,JUD,MPN,ROW,RU7,SAL,SHO,SKB,CLB,SRF,TTE,TRI,VBV,WLF,WRF,WRG
2008,KAZ,0.006622516556291391,0.009900990099009901,0.0113314447592068,0.009394572025052192,0,0.0,0,0.0,0.0,0.0,0.0,0.010638297872340425,0,0.5,0.0,0.0,0,0,0,0.0,0,0,0,0,0.0,0,0,0,0.0,0.0,0.0,0.0,0.047619047619047616,0.0,0.0,0,0,0.0,0,0.0,0,0.0,0.0,0,0.5333333333333333,0.37878787878787873,0.14285714285714285
2012,KAZ,0.009900990099009901,0.006557377049180328,0.017045454545454544,0.011458333333333333,0,0.0,0,0.0,0.0,0.0,0.0,0.03900709219858156,0,0.4230769230769231,0.0,0.0,0,0,0,0.0,0,0,0,0,0.0,0,0,0,0.0,0.0,0.0,0.0,0.0,0.0,0.0,0,0,0.0,0,0.0,0,0.0,0.0,0,0.8,0.3181818181818182,0.14285714285714285
2016,KAZ,0.006535947712418301,0.016286644951140065,0.027855153203342618,0.01748971193415638,0,0.0,0,0.0,0.09375,0.0,0.0,0.028368794326241134,0,0.5769230769230769,0.0,0.0,0,0,0,0.0,0,0,0,0,0.0,0,0,0,0.0,0.0,0.0,0.0,0.21428571428571427,0.0,0.0,0,0,0.0,0,0.0,0,0.0,0.0,0,0.5666666666666667,0.2916666666666667,0.0
2020,KAZ,0.0,0.0,0.01990049751243781,0.007407407407407408,0,0.0,0,0.0,0.0,0.0,0.0,0.0,0,0.15384615384615385,0.0,0.0,0,0,0,0.0,0,0,0,0,0.0,0,0,0,0.0,0.0,0.0,0.0,0.1,0.0,0.0,0,0,0.0,0,0.0,0,0.0,0.0,0,0.21428571428571427,0.08333333333333333,0.0
2024,KAZ,0.003048780487804878,0.009174311926605505,0.0078125,0.006737247353224254,0,0.0,0,0.0,0.0,0.0,0.0,0.0,0,0.3076923076923077,0.0,0.0,0,0,0,0.0,0,0,0,0,0.0,0,0,0,0.14285714285714285,0.0,0.0,0.0,0.2,0.0,0.0,0,0,0.13333333333333333,0,0.0,0,0.0,0.0,0,0.0,0.0,0.16666666666666666
