Year,NOC,Gold_rate,Silver_rate,Bronze_rate,Host,SWA,DIV,OWS,SWM,WPO,ARC,ATH,BK3,BOX,BKG,CSL,BMF,BMX,MTB,CRD,CTR,EDR,EVE,EJP,FEN,HOC,FBL,GLF,GAR,GRY,GTR,HBL,JUD,MPN,ROW,RU7,SAL,SHO,SKB,CLB,SRF,TTE,TRI,VBV,WLF,WRF,WRG
1988,KUW,0.0,0.0,0.0,0,0,0.0,0,0.0,0,0,0.0,0,0.0,0,0,0,0,0,0,0,0,0,0,0.0,0,0.0,0,0,0,0,0.0,0.0,0,0.0,0,0.0,0.0,0,0,0,0.0,0,0,0.0,0,0
1992,KUW,0.0,0.0,0.0,0,0,0.0,0,0.0,0,0,0.0,0,0.0,0,0,0,0,0,0,0,0,0,0,0.0,0,0.0,0,0,0,0,0.0,0.0,0,0.0,0,0.0,0.0,0,0,0,0.0,0,0,0.0,0,0
1996,KUW,0.0,0.0,0.0,0,0,0.0,0,0.0,0,0,0.0,0,0.0,0,0,0,0,0,0,0,0,0,0,0.0,0,0.0,0,0,0,0,0.0,0.0,0,0.0,0,0.0,0.0,0,0,0,0.0,0,0,0.0,0,0
2000,KUW,0.0,0.0,0.0030581039755351682,0,0,0.0,0,0.0,0,0,0.0,0,0.0,0,0,0,0,0,0,0,0,0,0,0.0,0,0.0,0,0,0,0,0.0,0.0,0,0.0,0,0.0,0.0,0,0,0,0.0,0,0,0.0,0,0
2004,KUW,0.0,0.0,0.0,0,0,0.0,0,0.0,0,0,0.0,0,0.0,0,0,0,0,0,0,0,0,0,0,0.0,0,0.0,0,0,0,0,0.0,0.0,0,0.0,0,0.0,0.0196078431372549,0,0,0,0.0,0,0,0.0,0,0
2008,KUW,0.0,0.0,0.0,0,0,0.0,0,0.0,0,0,0.0,0,0.0,0,0,0,0,0,0,0,0,0,0,0.0,0,0.0,0,0,0,0,0.0,0.0,0,0.0,0,0.0,0.0,0,0,0,0.0,0,0,0.0,0,0
2012,KUW,0.0,0.0,0.002840909090909091,0,0,0.0,0,0.0,0,0,0.0,0,0.0,0,0,0,0,0,0,0,0,0,0,0.0,0,0.0,0,0,0,0,0.0,0.0,0,0.0,0,0.0,0.03333333333333333,0,0,0,0.0,0,0,0.0,0,0
2020,KUW,0.0,0.0,0.0024875621890547263,0,0,0.0,0,0.0,0,0,0.0,0,0.0,0,0,0,0,0,0,0,0,0,0,0.0,0,0.0,0,0,0,0,0.0,0.0,0,0.0,0,0.0,0.0,0,0,0,0.0,0,0,0.0,0,0
2024,KUW,0.0,0.0,0.0,0,0,0.0,0,0.0,0,0,0.0,0,0.0,0,0,0,0,0,0,0,0,0,0,0.0,0,0.0,0,0,0,0,0.0,0.0,0,0.0,0,0.0,0.0,0,0,0,0.0,0,0,0.0,0,0
