Year,NOC,Gold_rate,Silver_rate,Bronze_rate,Total_rate,Host,SWA,DIV,OWS,SWM,WPO,ARC,ATH,BDM,BK3,BKB,BOX,BKG,CSP,CSL,BMF,BMX,MTB,CRD,CTR,EDR,EVE,EJP,FEN,HOC,FBL,GLF,GAR,GRY,GTR,HBL,JUD,MPN,ROW,RU7,SAL,SHO,SKB,CLB,SRF,TTE,TKW,TEN,TRI,VBV,VVO,WLF,WRF,WRG
1988,KUW,0.0,0.0,0.0,0.0,0,0,0.0,0,0.0,0,0,0.0,0,0,0,0.0,0,0,0,0,0,0,0,0,0,0,0,0.0,0,0.0,0,0,0,0,0.0,0.0,0,0.0,0,0.0,0.0,0,0,0,0.0,0.0,0,0,0,0,0.0,0,0
1992,KUW,0.0,0.0,0.0,0.0,0,0,0.0,0,0.0,0,0,0.0,0,0,0,0.0,0,0,0,0,0,0,0,0,0,0,0,0.0,0,0.0,0,0,0,0,0.0,0.0,0,0.0,0,0.0,0.0,0,0,0,0.0,0.0,0,0,0,0,0.0,0,0
1996,KUW,0.0,0.0,0.0,0.0,0,0,0.0,0,0.0,0,0,0.0,0,0,0,0.0,0,0,0,0,0,0,0,0,0,0,0,0.0,0,0.0,0,0,0,0,0.0,0.0,0,0.0,0,0.0,0.0,0,0,0,0.0,0.0,0,0,0,0,0.0,0,0
2000,KUW,0.0,0.0,0.0030581039755351682,0.0010787486515641855,0,0,0.0,0,0.0,0,0,0.0,0,0,0,0.0,0,0,0,0,0,0,0,0,0,0,0,0.0,0,0.0,0,0,0,0,0.0,0.0,0,0.0,0,0.0,0.3333333333333333,0,0,0,0.0,0.0,0,0,0,0,0.0,0,0
2004,KUW,0.0,0.0,0.0,0.0,0,0,0.0,0,0.0,0,0,0.0,0,0,0,0.0,0,0,0,0,0,0,0,0,0,0,0,0.0,0,0.0,0,0,0,0,0.0,0.0,0,0.0,0,0.0,0.25,0,0,0,0.0,0.0,0,0,0,0,0.0,0,0
2008,KUW,0.0,0.0,0.0,0.0,0,0,0.0,0,0.0,0,0,0.0,0,0,0,0.0,0,0,0,0,0,0,0,0,0,0,0,0.0,0,0.0,0,0,0,0,0.0,0.0,0,0.0,0,0.0,0.0,0,0,0,0.0,0.0,0,0,0,0,0.0,0,0
2012,KUW,0.0,0.0,0.002840909090909091,0.0010416666666666667,0,0,0.0,0,0.0,0,0,0.0,0,0,0,0.0,0,0,0,0,0,0,0,0,0,0,0,0.0,0,0.0,0,0,0,0,0.0,0.0,0,0.0,0,0.0,0.5,0,0,0,0.0,0.0,0,0,0,0,0.0,0,0
2020,KUW,0.0,0.0,0.0024875621890547263,0.000925925925925926,0,0,0.0,0,0.0,0,0,0.0,0,0,0,0.0,0,0,0,0,0,0,0,0,0,0,0,0.0,0,0.0,0,0,0,0,0.0,0.0,0,0.0,0,0.0,1.0,0,0,0,0.0,0.0,0,0,0,0,0.0,0,0
2024,KUW,0.0,0.0,0.0,0.0,0,0,0.0,0,0.0,0,0,0.0,0,0,0,0.0,0,0,0,0,0,0,0,0,0,0,0,0.0,0,0.0,0,0,0,0,0.0,0.0,0,0.0,0,0.0,0.0,0,0,0,0.0,0.0,0,0,0,0,0.0,0,0
