Year,NOC,Gold_rate,Silver_rate,Bronze_rate,Total_rate,Host,SWA,DIV,OWS,SWM,WPO,ARC,ATH,BDM,BK3,BKB,BOX,BKG,CSP,CSL,BMF,BMX,MTB,CRD,CTR,EDR,EVE,EJP,FEN,HOC,FBL,GLF,GAR,GRY,GTR,HBL,JUD,MPN,ROW,RU7,SAL,SHO,SKB,CLB,SRF,TTE,TKW,TEN,TRI,VBV,VVO,WLF,WRF,WRG
2004,LAT,0.0,0.013333333333333334,0.0,0.004319654427645789,0,0,0.0,0,0.0,0,0,2.3333333333333335,0,0.0,0.0,0,0,0.0,0,0.0,0.0,0.0,0.0,0,0,0,0.0,0,0,0,0,0,0,0,0,0.3333333333333333,1.0,0,0,0.0,0.5,0,0,0,0.0,0,0.0,0,0.0,0,0.6666666666666666,0.0,0.0
2008,LAT,0.0033112582781456954,0.0033003300330033004,0.0028328611898017,0.003131524008350731,0,0,0.0,0,0.0,0,0,3.0,0,0.0,0.0,0,0,0.0,0,0.0,0.0,0.0,0.0,0,0,0,0.0,0,0,0,0,0,0,0,0,0.3333333333333333,0.6666666666666666,0,0,0.0,0.0,0,0,0,0.0,0,0.0,0,0.0,0,0.75,0.0,0.0
2012,LAT,0.0033003300330033004,0.0,0.002840909090909091,0.0020833333333333333,0,0,0.0,0,0.0,0,0,1.6666666666666665,0,0.0,0.0,0,0,0.0,0,0.0,0.0,0.0,0.0,0,0,0,0.0,0,0,0,0,0,0,0,0,0.0,0.5,0,0,0.0,0.0,0,0,0,0.0,0,0.0,0,1.5,0,0.0,0.0,0.0
2016,LAT,0.0,0.0,0.0,0.0,0,0,0.0,0,0.0,0,0,0.0,0,0.0,0.0,0,0,0.0,0,0.0,0.0,0.0,0.0,0,0,0,0.0,0,0,0,0,0,0,0,0,0.0,0.0,0,0,0.0,0.0,0,0,0,0.0,0,0.0,0,0.5,0,0.0,0.0,0.0
2020,LAT,0.0029411764705882353,0.0,0.0024875621890547263,0.001851851851851852,0,0,0.0,0,0.0,0,0,0.0,0,12.0,0.0,0,0,0.0,0,0.0,0.0,0.0,0.0,0,0,0,0.0,0,0,0,0,0,0,0,0,0.0,0.0,0,0,0.0,0.0,0,0,0,0.0,0,0.0,0,0.0,0,1.0,0.0,0.0
2024,LAT,0.0,0.0,0.0,0.0,0,0,0.0,0,0.0,0,0,0.0,0,3.0,0.0,0,0,0.0,0,0.0,0.0,0.0,0.0,0,0,0,0.0,0,0,0,0,0,0,0,0,0.0,0.0,0,0,0.0,0.0,0,0,0,0.0,0,0.0,0,0.0,0,0.0,0.0,0.0
