Year,NOC,Gold_rate,Silver_rate,Bronze_rate,Host,SWA,DIV,OWS,SWM,WPO,ARC,ATH,BK3,BOX,BKG,CSL,BMF,BMX,MTB,CRD,CTR,EDR,EVE,EJP,FEN,HOC,FBL,GLF,GAR,GRY,GTR,HBL,JUD,MPN,ROW,RU7,SAL,SHO,SKB,CLB,SRF,TTE,TRI,VBV,WLF,WRF,WRG
2004,LAT,0.0,0.013333333333333334,0.0,0,0,0.0,0,0.0,0,0,0.021739130434782608,0.0,0,0,0,0.0,0.0,0.0,0.0,0,0,0,0.0,0,0,0,0,0,0,0,0,0.03571428571428571,0.0,0,0,0.0,0.0392156862745098,0,0,0,0.0,0,0.0,0.0,0.0,0.0
2008,LAT,0.0033112582781456954,0.0033003300330033004,0.0028328611898017,0,0,0.0,0,0.0,0,0,0.0425531914893617,0.0,0,0,0,0.0,0.0,0.0,0.0,0,0,0,0.0,0,0,0,0,0,0,0,0,0.03571428571428571,0.5,0,0,0.0,0.0,0,0,0,0.0,0,0.0,0.04444444444444444,0.0,0.0
2012,LAT,0.0033003300330033004,0.0,0.002840909090909091,0,0,0.0,0,0.0,0,0,0.06382978723404255,0.0,0,0,0,0.0,0.0,0.0,0.0,0,0,0,0.0,0,0,0,0,0,0,0,0,0.0,0.3333333333333333,0,0,0.0,0.0,0,0,0,0.0,0,0.0,0.0,0.0,0.0
2016,LAT,0.0,0.0,0.0,0,0,0.0,0,0.0,0,0,0.0,0.0,0,0,0,0.0,0.0,0.0,0.0,0,0,0,0.0,0,0,0,0,0,0,0,0,0.0,0.0,0,0,0.0,0.0,0,0,0,0.0,0,0.5,0.0,0.0,0.0
2020,LAT,0.0029411764705882353,0.0,0.0024875621890547263,0,0,0.0,0,0.0,0,0,0.0,0.0,0,0,0,0.0,0.0,0.0,0.0,0,0,0,0.0,0,0,0,0,0,0,0,0,0.0,0.0,0,0,0.0,0.0,0,0,0,0.0,0,0.0,0.0,0.0,0.0
2024,LAT,0.0,0.0,0.0,0,0,0.0,0,0.0,0,0,0.0,3.0,0,0,0,0.0,0.0,0.0,0.0,0,0,0,0.0,0,0,0,0,0,0,0,0,0.0,0.0,0,0,0.0,0.0,0,0,0,0.0,0,0.0,0.0,0.0,0.0
