Year,NOC,Gold_rate,Silver_rate,Bronze_rate,Total_rate,Host,SWA,DIV,OWS,SWM,WPO,ARC,ATH,BDM,BK3,BKB,BOX,BKG,CSP,CSL,BMF,BMX,MTB,CRD,CTR,EDR,EVE,EJP,FEN,HOC,FBL,GLF,GAR,GRY,GTR,HBL,JUD,MPN,ROW,RU7,SAL,SHO,SKB,CLB,SRF,TTE,TKW,TEN,TRI,VBV,VVO,WLF,WRF,WRG
2004,LTU,0.0033222591362126247,0.006666666666666667,0.0,0.0032397408207343412,0,0,0,0,0.0,0,0,3.0,0.0,0.0,3.333333333333333,0.0,0.0,0.0,0,0,0,0,0.0,0,0.0,0,0.0,0,0,0,0,0.0,0,0,0,0.0,0.6666666666666666,0.0,0,0.0,1.0,0,0,0,0.0,0,0.0,0,0.0,0,0.0,0.0,0.0
2008,LTU,0.0,0.009900990099009901,0.0056657223796034,0.005219206680584551,0,0,0,0,0.0,0,0,2.4166666666666665,0.0,0.0,0.6666666666666666,0.0,0.0,0.0,0,0,0,0,0.0,0,0.0,0,0.0,0,0,0,0,0.0,0,0,0,0.0,1.75,0.0,0,2.0,0.75,0,0,0,0.0,0,0.0,0,0.0,0,0.0,0.0,0.5
2012,LTU,0.006600660066006601,0.0,0.008522727272727272,0.005208333333333333,0,0,0,0,1.0,0,0,2.25,0.0,0.0,0.5833333333333333,1.0,0.0,0.0,0,0,0,0,0.0,0,0.0,0,0.0,0,0,0,0,0.0,0,0,0,0.0,1.5,0.0,0,1.0,0.75,0,0,0,0.0,0,0.0,0,0.0,0,0.0,0.0,0.5
2016,LTU,0.0,0.003257328990228013,0.008356545961002786,0.00411522633744856,0,0,0,0,0.5,0,0,0.0,0.0,0.0,0.0,0.5,0.0,0.0,0,0,0,0,0.0,0,0.0,0,0.0,0,0,0,0,0.0,0,0,0,0.0,1.0,3.1666666666666665,0,0.6666666666666666,0.0,0,0,0,0.0,0,0.0,0,0.0,0,1.0,0.0,0.0
2020,LTU,0.0,0.0029585798816568047,0.0,0.000925925925925926,0,0,0,0,0.0,0,0,0.0,0.0,0.0,0.0,0.0,0.0,0.0,0,0,0,0,0.0,0,0.0,0,0.0,0,0,0,0,0.0,0,0,0,0.0,2.0,0.6666666666666666,0,0.0,0.0,0,0,0,0.0,0,0.0,0,0.0,0,0.0,0.0,0.0
2024,LTU,0.0,0.0061162079510703364,0.005208333333333333,0.0038498556304138597,0,0,0,0,0.0,0,0,2.0,0.0,4.0,0.0,0.0,2.0,0.0,0,0,0,0,0.0,0,0.0,0,0.0,0,0,0,0,0.0,0,0,0,0.0,1.0,1.0,0,0.0,0.0,0,0,0,0.0,0,0.0,0,0.0,0,0.0,0.0,0.0
