Year,NOC,Gold_rate,Silver_rate,Bronze_rate,Total_rate,Host,SWA,DIV,OWS,SWM,WPO,ARC,ATH,BK3,BOX,BKG,CSL,BMF,BMX,MTB,CRD,CTR,EDR,EVE,EJP,FEN,HOC,FBL,GLF,GAR,GRY,GTR,HBL,JUD,MPN,ROW,RU7,SAL,SHO,SKB,CLB,SRF,TTE,TRI,VBV,WLF,WRF,WRG
2004,LTU,0.0033222591362126247,0.006666666666666667,0.0,0.0032397408207343412,0,0,0,0,0.0,0,0,0.06521739130434782,0.0,0.0,0.0,0,0,0,0,0.0,0,0.0,0,0.0,0,0,0,0,0.0,0,0,0,0.0,0.3333333333333333,0.0,0,0.0,0.058823529411764705,0,0,0,0.0,0,0.0,0.0,0.0,0.0
2008,LTU,0.0,0.009900990099009901,0.0056657223796034,0.005219206680584551,0,0,0,0,0.0,0,0,0.051418439716312055,0.0,0.0,0.0,0,0,0,0,0.0,0,0.0,0,0.0,0,0,0,0,0.0,0,0,0,0.0,0.875,0.0,0,0.18181818181818182,0.05,0,0,0,0.0,0,0.0,0.0,0.0,0.07142857142857142
2012,LTU,0.006600660066006601,0.0,0.008522727272727272,0.005208333333333333,0,0,0,0,0.09375,0,0,0.047872340425531915,0.0,0.07692307692307693,0.0,0,0,0,0,0.0,0,0.0,0,0.0,0,0,0,0,0.0,0,0,0,0.0,0.75,0.0,0,0.1,0.05,0,0,0,0.0,0,0.0,0.0,0.0,0.07142857142857142
2016,LTU,0.0,0.003257328990228013,0.008356545961002786,0.00411522633744856,0,0,0,0,0.046875,0,0,0.0,0.0,0.038461538461538464,0.0,0,0,0,0,0.0,0,0.0,0,0.0,0,0,0,0,0.0,0,0,0,0.0,0.5,0.2261904761904762,0,0.06666666666666667,0.0,0,0,0,0.0,0,0.0,0.06666666666666667,0.0,0.0
2020,LTU,0.0,0.0029585798816568047,0.0,0.000925925925925926,0,0,0,0,0.0,0,0,0.0,0.0,0.0,0.0,0,0,0,0,0.0,0,0.0,0,0.0,0,0,0,0,0.0,0,0,0,0.0,1.0,0.047619047619047616,0,0.0,0.0,0,0,0,0.0,0,0.0,0.0,0.0,0.0
2024,LTU,0.0,0.0061162079510703364,0.005208333333333333,0.0038498556304138597,0,0,0,0,0.0,0,0,0.041666666666666664,2.0,0.0,1.0,0,0,0,0,0.0,0,0.0,0,0.0,0,0,0,0,0.0,0,0,0,0.0,0.5,0.07142857142857142,0,0.0,0.0,0,0,0,0.0,0,0.0,0.0,0.0,0.0
