Year,NOC,Gold_rate,Silver_rate,Bronze_rate,Total_rate,Host,SWA,DIV,OWS,SWM,WPO,ARC,ATH,BDM,BK3,BKB,BOX,BKG,CSP,CSL,BMF,BMX,MTB,CRD,CTR,EDR,EVE,EJP,FEN,HOC,FBL,GLF,GAR,GRY,GTR,HBL,JUD,MPN,ROW,RU7,SAL,SHO,SKB,CLB,SRF,TTE,TKW,TEN,TRI,VBV,VVO,WLF,WRF,WRG
2000,QAT,0.0,0.0,0.0030581039755351682,0.0010787486515641855,0,0,0,0,0.0,0,0.0,0.25,0,0,0,0.0,0,0,0,0,0,0,0,0,0,0,0.0,0.0,0,0,0,0,0,0,0.0,0.0,0,0.0,0,0,0.0,0,0,0,0.0,0.0,0,0,0.0,0,1.0,0,0
2004,QAT,0.0,0.0,0.0,0.0,0,0,0,0,0.0,0,0.0,0.0,0,0,0,0.0,0,0,0,0,0,0,0,0,0,0,0.0,0.0,0,0,0,0,0,0,0.0,0.0,0,0.0,0,0,0.0,0,0,0,0.0,0.0,0,0,0.0,0,0.5,0,0
2008,QAT,0.0,0.0,0.0,0.0,0,0,0,0,0.0,0,0.0,0.0,0,0,0,0.0,0,0,0,0,0,0,0,0,0,0,0.0,0.0,0,0,0,0,0,0,0.0,0.0,0,0.0,0,0,0.0,0,0,0,0.0,0.0,0,0,0.0,0,0.0,0,0
2012,QAT,0.0,0.003278688524590164,0.002840909090909091,0.0020833333333333333,0,0,0,0,0.0,0,0.0,1.0,0,0,0,0.0,0,0,0,0,0,0,0,0,0,0,0.0,0.0,0,0,0,0,0,0,0.0,0.0,0,0.0,0,0,0.25,0,0,0,0.0,0.0,0,0,0.0,0,0.0,0,0
2016,QAT,0.0,0.003257328990228013,0.0,0.00102880658436214,0,0,0,0,0.0,0,0.0,1.5,0,0,0,0.0,0,0,0,0,0,0,0,0,0,0,0.0,0.0,0,0,0,0,0,0,0.0,0.0,0,0.0,0,0,0.25,0,0,0,0.0,0.0,0,0,0.0,0,0.0,0,0
2020,QAT,0.0058823529411764705,0.0,0.0024875621890547263,0.002777777777777778,0,0,0,0,0.0,0,0.0,3.0,0,0,0,0.0,0,0,0,0,0,0,0,0,0,0,0.0,0.0,0,0,0,0,0,0,0.0,0.0,0,0.0,0,0,0.0,0,0,0,0.0,0.0,0,0,2.0,0,3.0,0,0
2024,QAT,0.0,0.0,0.0026041666666666665,0.0009624639076034649,0,0,0,0,0.0,0,0.0,2.0,0,0,0,0.0,0,0,0,0,0,0,0,0,0,0,0.0,0.0,0,0,0,0,0,0,0.0,0.0,0,0.0,0,0,0.0,0,0,0,0.0,0.0,0,0,1.0,0,0.0,0,0
