Year,NOC,Gold_rate,Silver_rate,Bronze_rate,Host,SWA,DIV,OWS,SWM,WPO,ARC,ATH,BK3,BOX,BKG,CSL,BMF,BMX,MTB,CRD,CTR,EDR,EVE,EJP,FEN,HOC,FBL,GLF,GAR,GRY,GTR,HBL,JUD,MPN,ROW,RU7,SAL,SHO,SKB,CLB,SRF,TTE,TRI,VBV,WLF,WRF,WRG
2000,QAT,0.0,0.0,0.0030581039755351682,0,0,0,0,0.0,0,0.0,0.007246376811594202,0,0.0,0,0,0,0,0,0,0,0,0,0.0,0.0,0,0,0,0,0,0,0.0,0.0,0,0.0,0,0,0.0,0,0,0,0.0,0,0.0,0.0,0,0
2004,QAT,0.0,0.0,0.0,0,0,0,0,0.0,0,0.0,0.0,0,0.0,0,0,0,0,0,0,0,0,0,0.0,0.0,0,0,0,0,0,0,0.0,0.0,0,0.0,0,0,0.0,0,0,0,0.0,0,0.0,0.06666666666666667,0,0
2008,QAT,0.0,0.0,0.0,0,0,0,0,0.0,0,0.0,0.0,0,0.0,0,0,0,0,0,0,0,0,0,0.0,0.0,0,0,0,0,0,0,0.0,0.0,0,0.0,0,0,0.0,0,0,0,0.0,0,0.0,0.0,0,0
2012,QAT,0.0,0.003278688524590164,0.002840909090909091,0,0,0,0,0.0,0,0.0,0.0,0,0.0,0,0,0,0,0,0,0,0,0,0.0,0.0,0,0,0,0,0,0,0.0,0.0,0,0.0,0,0,0.0,0,0,0,0.0,0,0.0,0.0,0,0
2016,QAT,0.0,0.003257328990228013,0.0,0,0,0,0,0.0,0,0.0,0.02127659574468085,0,0.0,0,0,0,0,0,0,0,0,0,0.0,0.0,0,0,0,0,0,0,0.0,0.0,0,0.0,0,0,0.02222222222222222,0,0,0,0.0,0,0.0,0.0,0,0
2020,QAT,0.0058823529411764705,0.0,0.0024875621890547263,0,0,0,0,0.0,0,0.0,0.0,0,0.0,0,0,0,0,0,0,0,0,0,0.0,0.0,0,0,0,0,0,0,0.0,0.0,0,0.0,0,0,0.0,0,0,0,0.0,0,0.0,0.0,0,0
2024,QAT,0.0,0.0,0.0026041666666666665,0,0,0,0,0.0,0,0.0,0.0625,0,0.0,0,0,0,0,0,0,0,0,0,0.0,0.0,0,0,0,0,0,0,0.0,0.0,0,0.0,0,0,0.0,0,0,0,0.0,0,1.0,0.0,0,0
