Year,NOC,Gold_rate,Silver_rate,Bronze_rate,Host,SWA,DIV,OWS,SWM,WPO,ARC,ATH,BK3,BOX,BKG,CSL,BMF,BMX,MTB,CRD,CTR,EDR,EVE,EJP,FEN,HOC,FBL,GLF,GAR,GRY,GTR,HBL,JUD,MPN,ROW,RU7,SAL,SHO,SKB,CLB,SRF,TTE,TRI,VBV,WLF,WRF,WRG
2004,SLO,0,0,0,0,0,0,0.0,0.0,0,0.0,0.0,0,0,0,0.0,0,0,0.0,0.0,0,0,0,0,0,0,0,0.0,0.0,0.0,0,0.0,0.0,0,0.2261904761904762,0,0.0,0.058823529411764705,0,0.0,0,0.0,0.0,0,0,0,0
2008,SLO,0,0,0,0,0,0,0.0,0.0,0,0.0,0.0,0,0,0,0.0,0,0,0.0,0.0,0,0,0,0,0,0,0,0.0,0.0,0.0,0,0.0,0.07142857142857142,0,0.2380952380952381,0,0.045454545454545456,0.06666666666666667,0,0.0,0,0.0,0.0,0,0,0,0
2012,SLO,0,0,0,0,0,0,0.0,0.03125,0,0.0,0.02127659574468085,0,0,0,0.0,0,0,0.0,0.0,0,0,0,0,0,0,0,0.0,0.0,0.0,0,0.0,0.07142857142857142,0,0.2380952380952381,0,0.1,0.08888888888888888,0,0.0,0,0.0,0.0,0,0,0,0
2016,SLO,0,0,0,0,0,0,0.0,0.0,0,0.0,0.0,0,0,0,0.0,0,0,0.0,0.0,0,0,0,0,0,0,0,0.0,0.0,0.0,0,0.0,0.0,0,0.0,0,0.1,0.0,0,0.0,0,0.0,0.0,0,0,0,0
2020,SLO,0,0,0,0,0,0,0.0,0.0,0,0.0,0.0,0,0,0,0.16666666666666666,0,0,0.0,0.0,0,0,0,0,0,0,0,0.0,0.0,0.0,0,0.0,0.2,0,0.0,0,0.0,0.0,0,0.0,0,0.0,0.0,0,0,0,0
2024,SLO,0,0,0,0,0,0,0.0,0.0,0,0.0,0.0,0,0,0,0.611111111111111,0,0,0.0,0.0,0,0,0,0,0,0,0,0.0,0.0,0.0,0,0.0,0.0,0,0.0,0,0.0,0.0,0,0.75,0,0.0,0.0,0,0,0,0
