Year,NOC,Gold_rate,Silver_rate,Bronze_rate,Total_rate,Host,SWA,DIV,OWS,SWM,WPO,ARC,ATH,BK3,BOX,BKG,CSL,BMF,BMX,MTB,CRD,CTR,EDR,EVE,EJP,FEN,HOC,FBL,GLF,GAR,GRY,GTR,HBL,JUD,MPN,ROW,RU7,SAL,SHO,SKB,CLB,SRF,TTE,TRI,VBV,WLF,WRF,WRG
2004,SLO,0,0,0,0,0,0,0,0.0,0.0,0,0.0,0.010869565217391304,0,0,0,0.0,0,0,0.0,0.0,0,0,0,0,0,0,0,0.0,0.0,0.0,0,0.0,0.07142857142857142,0,0.24404761904761907,0,0.045454545454545456,0.04411764705882353,0,0.0,0,0.0,0.0,0,0,0,0
2008,SLO,0,0,0,0,0,0,0,0.0,0.03125,0,0.0,0.02127659574468085,0,0,0,0.0,0,0,0.0,0.0,0,0,0,0,0,0,0,0.0,0.0,0.0,0,0.0,0.07142857142857142,0,0.17857142857142858,0,0.09090909090909091,0.06666666666666667,0,0.0,0,0.0,0.0,0,0,0,0
2012,SLO,0,0,0,0,0,0,0,0.0,0.020833333333333332,0,0.0,0.026595744680851064,0,0,0,0.0,0,0,0.0,0.0,0,0,0,0,0,0,0,0.0,0.0,0.0,0,0.0,0.11904761904761904,0,0.21428571428571427,0,0.075,0.08333333333333333,0,0.0,0,0.0,0.0,0,0,0,0
2016,SLO,0,0,0,0,0,0,0,0.0,0.0,0,0.0,0.0,0,0,0,0.16666666666666666,0,0,0.0,0.0,0,0,0,0,0,0,0,0.0,0.0,0.0,0,0.0,0.25,0,0.0,0,0.125,0.0,0,0.0,0,0.0,0.0,0,0,0,0
2020,SLO,0,0,0,0,0,0,0,0.0,0.0,0,0.0,0.0,0,0,0,0.875,0,0,0.0,1.0,0,0,0,0,0,0,0,0.0,0.0,0.0,0,0.0,0.16666666666666666,0,0.0,0,0.0,0.0,0,1.5,0,0.0,0.0,0,0,0,0
2024,SLO,0,0,0,0,0,0,0,0.0,0.0,0,0.0,0.0,0,0,0,0.3333333333333333,0,0,0.0,0.0,0,0,0,0,0,0,0,0.0,0.0,0.0,0,0.0,0.2,0,0.0,0,0.2,0.0,0,0.75,0,0.0,0.0,0,0,0,0
