Year,NOC,Gold_rate,Silver_rate,Bronze_rate,Host,SWA,DIV,OWS,SWM,WPO,ARC,ATH,BK3,BOX,BKG,CSL,BMF,BMX,MTB,CRD,CTR,EDR,EVE,EJP,FEN,HOC,FBL,GLF,GAR,GRY,GTR,HBL,JUD,MPN,ROW,RU7,SAL,SHO,SKB,CLB,SRF,TTE,TRI,VBV,WLF,WRF,WRG
2020,SRB,0.008823529411764706,0.0029585798816568047,0.012437810945273632,0,0,0,0,0.0,0.0,0,0.0,0.0,0.0,0,0,0,0,0,0.0,0,0,0,0,0,0,0,0,0,0,0,0,0.0,0,0.0,0,0,0.0,0,0,0,0.0,0,0,0,0.0,0.0
2024,SRB,0.009146341463414634,0.0030581039755351682,0.0026041666666666665,0,0,0,0,0.0,7.5,0,0.0,1.0,0.0,0,0,0,0,0,0.0,0,0,0,0,0,0,0,0,0,0,0,0,0.0,0,0.0,0,0,0.04444444444444444,0,0,0,0.0,0,0,0,0.0,0.0
