Year,NOC,Gold_rate,Silver_rate,Bronze_rate,Total_rate,Host,SWA,DIV,OWS,SWM,WPO,ARC,ATH,BDM,BK3,BKB,BOX,BKG,CSP,CSL,BMF,BMX,MTB,CRD,CTR,EDR,EVE,EJP,FEN,HOC,FBL,GLF,GAR,GRY,GTR,HBL,JUD,MPN,ROW,RU7,SAL,SHO,SKB,CLB,SRF,TTE,TKW,TEN,TRI,VBV,VVO,WLF,WRF,WRG
2020,SRB,0.008823529411764706,0.0029585798816568047,0.012437810945273632,0.008333333333333333,0,0,0,0,0.0,39.0,0,0.0,0,4.0,0.5,0.0,0,0.0,0,0,0,0,0.0,0,0,0,0,0,0,0,0,0,0,0,0,0.0,0,0.0,0,0,0.5833333333333333,0,0,0,0.0,4.0,0.0,0,0,12.0,0,0.0,1.0
2024,SRB,0.009146341463414634,0.0030581039755351682,0.0026041666666666665,0.004812319538017324,0,0,0,0,0.0,39.0,0,0.0,0,1.0,12.0,0.0,0,0.0,0,0,0,0,0.0,0,0,0,0,0,0,0,0,0,0,0,0,0.0,0,0.0,0,0,1.375,0,0,0,0.0,2.0,1.5,0,0,3.5,0,0.0,0.0
