Year,NOC,Gold_rate,Silver_rate,Bronze_rate,Total_rate,Host,SWA,DIV,OWS,SWM,WPO,ARC,ATH,BDM,BK3,BKB,BOX,BKG,CSP,CSL,BMF,BMX,MTB,CRD,CTR,EDR,EVE,EJP,FEN,HOC,FBL,GLF,GAR,GRY,GTR,HBL,JUD,MPN,ROW,RU7,SAL,SHO,SKB,CLB,SRF,TTE,TKW,TEN,TRI,VBV,VVO,WLF,WRF,WRG
2008,SVK,0.009933774834437087,0.009900990099009901,0.0,0.006263048016701462,0,0,0,0,0.25,0,0.0,0.0,0.0,0,0,0.0,0,0.0,10.0,0,0,0,0.0,0,0,0,0,0,0,0,0.0,0.0,0,0,0,0.0,0,0,0,0.0,2.1666666666666665,0.0,0,0,0.0,0,0.0,0.0,0,0,0.0,1.0,0.0
2012,SVK,0.0,0.003278688524590164,0.008522727272727272,0.004166666666666667,0,0,0,0,0.0,0,0.0,0.0,0.0,0,0,0.0,0,0.0,7.0,0,0,0,0.0,0,0,0,0,0,0,0,0.0,0.0,0,0,0,0.0,0,0,0,0.0,2.5833333333333335,0.0,0,0,0.0,0,0.0,0.0,0,0,0.0,0.0,0.0
2016,SVK,0.006535947712418301,0.006514657980456026,0.0,0.00411522633744856,0,0,0,0,0.0,0,0.0,0.75,0.0,0,0,0.0,0,0.0,8.0,0,0,0,0.0,0,0,0,0,0,0,0,0.0,0.0,0,0,0,0.0,0,0,0,0.0,0.3333333333333333,0.0,0,0,0.0,0,0.0,0.0,0,0,0.0,0.0,0.0
2020,SVK,0.0029411764705882353,0.005917159763313609,0.0024875621890547263,0.003703703703703704,0,0,0,0,0.0,0,0.0,0.0,0.0,0,0,0.0,0,3.0,1.0,0,0,0,0.0,0,0,0,0,0,0,0,2.0,0.0,0,0,0,0.0,0,0,0,0.0,1.5,0.0,0,0,0.0,0,0.0,0.0,0,0,0.0,0.0,0.0
2024,SVK,0.0,0.0,0.0026041666666666665,0.0009624639076034649,0,0,0,0,0.0,0,0.0,0.0,0.0,0,0,0.0,0,0.0,0.9166666666666666,0,0,0,0.0,0,0,0,0,0,0,0,0.0,0.0,0,0,0,0.0,0,0,0,0.0,0.75,0.0,0,0,0.0,0,0.0,0.0,0,0,0.0,0.0,0.0
