Year,NOC,Gold_rate,Silver_rate,Bronze_rate,Host,SWA,DIV,OWS,SWM,WPO,ARC,ATH,BK3,BOX,BKG,CSL,BMF,BMX,MTB,CRD,CTR,EDR,EVE,EJP,FEN,HOC,FBL,GLF,GAR,GRY,GTR,HBL,JUD,MPN,ROW,RU7,SAL,SHO,SKB,CLB,SRF,TTE,TRI,VBV,WLF,WRF,WRG
2008,SVK,0.009933774834437087,0.009900990099009901,0.0,0,0,0,0,0.041666666666666664,0,0.0,0.0,0,0.0,0,2.3333333333333335,0,0,0,0.0,0,0,0,0,0,0,0,0.0,0.0,0,0,0,0.0,0,0,0,0.0,0.04444444444444444,0.0,0,0,0.0,0.0,0,0.0,0.0,0.0
2012,SVK,0.0,0.003278688524590164,0.008522727272727272,0,0,0,0,0.0,0,0.0,0.0,0,0.0,0,2.0833333333333335,0,0,0,0.0,0,0,0,0,0,0,0,0.0,0.0,0,0,0,0.0,0,0,0,0.0,0.15555555555555556,0.0,0,0,0.0,0.0,0,0.0,0.0,0.0
2016,SVK,0.006535947712418301,0.006514657980456026,0.0,0,0,0,0,0.0,0,0.0,0.0,0,0.0,0,0.0,0,0,0,0.0,0,0,0,0,0,0,0,0.0,0.0,0,0,0,0.0,0,0,0,0.0,0.03333333333333333,0.0,0,0,0.0,0.0,0,0.0,0.0,0.0
2020,SVK,0.0029411764705882353,0.005917159763313609,0.0024875621890547263,0,0,0,0,0.0,0,0.0,0.0,0,0.0,0,0.0,0,0,0,0.0,0,0,0,0,0,0,0,0.0,0.0,0,0,0,0.0,0,0,0,0.0,0.0,0.0,0,0,0.0,0.0,0,0.0,0.0,0.0
2024,SVK,0.0,0.0,0.0026041666666666665,0,0,0,0,0.0,0,0.0,0.0,0,0.0,0,0.16666666666666666,0,0,0,0.0,0,0,0,0,0,0,0,0.0,0.0,0,0,0,0.0,0,0,0,0.0,0.2,0.0,0,0,0.0,0.0,0,0.0,0.0,0.0
