Year,NOC,Gold_rate,Silver_rate,Bronze_rate,Total_rate,Host,SWA,DIV,OWS,SWM,WPO,ARC,ATH,BK3,BOX,BKG,CSL,BMF,BMX,MTB,CRD,CTR,EDR,EVE,EJP,FEN,HOC,FBL,GLF,GAR,GRY,GTR,HBL,JUD,MPN,ROW,RU7,SAL,SHO,SKB,CLB,SRF,TTE,TRI,VBV,WLF,WRF,WRG
2008,SVK,0.009933774834437087,0.009900990099009901,0.0,0.006263048016701462,0,0,0,0,0.03125,0,0.0,0.0,0,0.0,0,2.5,0,0,0,0.0,0,0,0,0,0,0,0,0.0,0.0,0,0,0,0.0,0,0,0,0.0,0.16666666666666666,0.0,0,0,0.0,0.0,0,0.0,0.09090909090909091,0.0
2012,SVK,0.0,0.003278688524590164,0.008522727272727272,0.004166666666666667,0,0,0,0,0.0,0,0.0,0.0,0,0.0,0,1.75,0,0,0,0.0,0,0,0,0,0,0,0,0.0,0.0,0,0,0,0.0,0,0,0,0.0,0.18333333333333332,0.0,0,0,0.0,0.0,0,0.0,0.0,0.0
2016,SVK,0.006535947712418301,0.006514657980456026,0.0,0.00411522633744856,0,0,0,0,0.0,0,0.0,0.015957446808510637,0,0.0,0,2.0,0,0,0,0.0,0,0,0,0,0,0,0,0.0,0.0,0,0,0,0.0,0,0,0,0.0,0.02222222222222222,0.0,0,0,0.0,0.0,0,0.0,0.0,0.0
2020,SVK,0.0029411764705882353,0.005917159763313609,0.0024875621890547263,0.003703703703703704,0,0,0,0,0.0,0,0.0,0.0,0,0.0,0,0.25,0,0,0,0.0,0,0,0,0,0,0,0,1.0,0.0,0,0,0,0.0,0,0,0,0.0,0.2,0.0,0,0,0.0,0.0,0,0.0,0.0,0.0
2024,SVK,0.0,0.0,0.0026041666666666665,0.0009624639076034649,0,0,0,0,0.0,0,0.0,0.0,0,0.0,0,0.19444444444444442,0,0,0,0.0,0,0,0,0,0,0,0,0.0,0.0,0,0,0,0.0,0,0,0,0.0,0.1,0.0,0,0,0.0,0.0,0,0.0,0.0,0.0
