Year,NOC,Gold_rate,Silver_rate,Bronze_rate,Total_rate,Host,SWA,DIV,OWS,SWM,WPO,ARC,ATH,BDM,BK3,BKB,BOX,BKG,CSP,CSL,BMF,BMX,MTB,CRD,CTR,EDR,EVE,EJP,FEN,HOC,FBL,GLF,GAR,GRY,GTR,HBL,JUD,MPN,ROW,RU7,SAL,SHO,SKB,CLB,SRF,TTE,TKW,TEN,TRI,VBV,VVO,WLF,WRF,WRG
1992,SYR,0.0,0.0,0.0,0.0,0,0,0,0,0.0,0,0,0.0,0,0,0,0.0,0,0,0,0,0,0,0,0,0,0,0.0,0,0,0,0,0.0,0,0,0,0.0,0,0,0,0,0.0,0,0,0,0.0,0,0,0.0,0,0,0.0,0.0,0.0
1996,SYR,0.0036900369003690036,0.0,0.0,0.0011876484560570072,0,0,0,0,0.0,0,0,1.5,0,0,0,0.0,0,0,0,0,0,0,0,0,0,0,0.0,0,0,0,0,0.0,0,0,0,0.0,0,0,0,0,0.0,0,0,0,0.0,0,0,0.0,0,0,0.0,0.0,0.0
2000,SYR,0.0,0.0,0.0,0.0,0,0,0,0,0.0,0,0,1.0,0,0,0,0.0,0,0,0,0,0,0,0,0,0,0,0.0,0,0,0,0,0.0,0,0,0,0.0,0,0,0,0,0.0,0,0,0,0.0,0,0,0.0,0,0,0.0,0.0,0.0
2004,SYR,0.0,0.0,0.003076923076923077,0.0010799136069114472,0,0,0,0,0.0,0,0,0.0,0,0,0,1.0,0,0,0,0,0,0,0,0,0,0,0.0,0,0,0,0,0.0,0,0,0,0.0,0,0,0,0,0.0,0,0,0,0.0,0,0,0.0,0,0,0.0,0.0,0.0
2008,SYR,0.0,0.0,0.0,0.0,0,0,0,0,0.0,0,0,0.0,0,0,0,0.0,0,0,0,0,0,0,0,0,0,0,0.0,0,0,0,0,0.0,0,0,0,0.0,0,0,0,0,0.0,0,0,0,0.0,0,0,0.0,0,0,0.0,0.0,0.0
2012,SYR,0.0,0.0,0.0,0.0,0,0,0,0,0.0,0,0,0.0,0,0,0,0.0,0,0,0,0,0,0,0,0,0,0,0.0,0,0,0,0,0.0,0,0,0,0.0,0,0,0,0,0.0,0,0,0,0.0,0,0,0.0,0,0,0.0,0.0,0.0
2016,SYR,0.0,0.0,0.0,0.0,0,0,0,0,0.0,0,0,0.0,0,0,0,0.0,0,0,0,0,0,0,0,0,0,0,0.0,0,0,0,0,0.0,0,0,0,0.0,0,0,0,0,0.0,0,0,0,0.0,0,0,0.0,0,0,0.0,0.0,0.0
2020,SYR,0.0,0.0,0.0024875621890547263,0.000925925925925926,0,0,0,0,0.0,0,0,0.0,0,0,0,0.0,0,0,0,0,0,0,0,0,0,0,0.0,0,0,0,0,0.0,0,0,0,0.0,0,0,0,0,0.0,0,0,0,0.0,0,0,0.0,0,0,0.5,0.0,0.0
2024,SYR,0.0,0.0,0.0,0.0,0,0,0,0,0.0,0,0,0.0,0,0,0,0.0,0,0,0,0,0,0,0,0,0,0,0.0,0,0,0,0,0.0,0,0,0,0.0,0,0,0,0,0.0,0,0,0,0.0,0,0,0.0,0,0,0.3333333333333333,0.0,0.0
