Year,NOC,Gold_rate,Silver_rate,Bronze_rate,Host,SWA,DIV,OWS,SWM,WPO,ARC,ATH,BK3,BOX,BKG,CSL,BMF,BMX,MTB,CRD,CTR,EDR,EVE,EJP,FEN,HOC,FBL,GLF,GAR,GRY,GTR,HBL,JUD,MPN,ROW,RU7,SAL,SHO,SKB,CLB,SRF,TTE,TRI,VBV,WLF,WRF,WRG
1992,SYR,0.0,0.0,0.0,0,0,0,0,0.0,0,0,0.0,0,0.0,0,0,0,0,0,0,0,0,0,0.0,0,0,0,0,0.0,0,0,0,0.0,0,0,0,0,0.0,0,0,0,0.0,0.0,0,0.0,0.0,0.0
1996,SYR,0.0036900369003690036,0.0,0.0,0,0,0,0,0.0,0,0,0.0,0,0.0,0,0,0,0,0,0,0,0,0,0.0,0,0,0,0,0.0,0,0,0,0.0,0,0,0,0,0.0,0,0,0,0.0,0.0,0,0.0,0.0,0.0
2000,SYR,0.0,0.0,0.0,0,0,0,0,0.0,0,0,0.03260869565217391,0,0.0,0,0,0,0,0,0,0,0,0,0.0,0,0,0,0,0.0,0,0,0,0.0,0,0,0,0,0.0,0,0,0,0.0,0.0,0,0.0,0.0,0.0
2004,SYR,0.0,0.0,0.003076923076923077,0,0,0,0,0.0,0,0,0.0,0,0.0,0,0,0,0,0,0,0,0,0,0.0,0,0,0,0,0.0,0,0,0,0.0,0,0,0,0,0.0,0,0,0,0.0,0.0,0,0.0,0.0,0.0
2008,SYR,0.0,0.0,0.0,0,0,0,0,0.0,0,0,0.0,0,0.0,0,0,0,0,0,0,0,0,0,0.0,0,0,0,0,0.0,0,0,0,0.0,0,0,0,0,0.0,0,0,0,0.0,0.0,0,0.0,0.0,0.0
2012,SYR,0.0,0.0,0.0,0,0,0,0,0.0,0,0,0.0,0,0.0,0,0,0,0,0,0,0,0,0,0.0,0,0,0,0,0.0,0,0,0,0.0,0,0,0,0,0.0,0,0,0,0.0,0.0,0,0.0,0.0,0.0
2016,SYR,0.0,0.0,0.0,0,0,0,0,0.0,0,0,0.0,0,0.0,0,0,0,0,0,0,0,0,0,0.0,0,0,0,0,0.0,0,0,0,0.0,0,0,0,0,0.0,0,0,0,0.0,0.0,0,0.0,0.0,0.0
2020,SYR,0.0,0.0,0.0024875621890547263,0,0,0,0,0.0,0,0,0.0,0,0.0,0,0,0,0,0,0,0,0,0,0.0,0,0,0,0,0.0,0,0,0,0.0,0,0,0,0,0.0,0,0,0,0.0,0.0,0,0.0,0.0,0.0
2024,SYR,0.0,0.0,0.0,0,0,0,0,0.0,0,0,0.0,0,0.0,0,0,0,0,0,0,0,0,0,0.0,0,0,0,0,0.0,0,0,0,0.0,0,0,0,0,0.0,0,0,0,0.0,0.0,0,0.05,0.0,0.0
