Year,NOC,Gold_rate,Silver_rate,Bronze_rate,Total_rate,Host,SWA,DIV,OWS,SWM,WPO,ARC,ATH,BK3,BOX,BKG,CSL,BMF,BMX,MTB,CRD,CTR,EDR,EVE,EJP,FEN,HOC,FBL,GLF,GAR,GRY,GTR,HBL,JUD,MPN,ROW,RU7,SAL,SHO,SKB,CLB,SRF,TTE,TRI,VBV,WLF,WRF,WRG
2008,UKR,0.023178807947019868,0.013201320132013201,0.031161473087818695,0.022964509394572025,0,0.0,0.25,0.0,0.026041666666666664,0,0.625,0.08333333333333333,0,0.36363636363636365,0.0,0.0,0,0,0.0,0.0,0,0.0,0,0.0,1.2,0,0.0,0,0.0,0.5,0.75,0,0.10714285714285714,0.25,0.08928571428571429,0,0.10606060606060605,0.5,0,0.0,0,0.0,0.0,0,0.16666666666666666,0.5,0.07142857142857142
2012,UKR,0.0165016501650165,0.013114754098360656,0.028409090909090908,0.019791666666666666,0,0.0,0.125,0.0,0.0,0,0.4583333333333333,0.1719858156028369,0,0.6538461538461539,0.0,0.0,0,0,0.0,0.0,0,0.0,0,0.0,0.35,0,0.0,0,0.0,0.0,0.5,0,0.07142857142857142,0.16666666666666666,0.6488095238095237,0,0.0,0.16111111111111112,0,0.0,0,0.0,0.0,0,0.16666666666666666,0.36363636363636365,0.0
2016,UKR,0.006535947712418301,0.016286644951140065,0.011142061281337047,0.01131687242798354,0,0.0,0.041666666666666664,0.0,0.0,0,0.25,0.06028368794326241,0,0.0,0.0,0.0,0,0,0.0,0.0,0,0.0,0,0.0,0.9333333333333333,0,0.0,0,0.0,0.25,0.0,0,0.0,0.3333333333333333,0.10714285714285714,0,0.0,0.15,0,0.0,0,0.0,0.0,0,0.0,0.08333333333333333,0.3333333333333333
2020,UKR,0.0029411764705882353,0.01775147928994083,0.029850746268656716,0.017592592592592594,0,4.125,0.0,0.0,0.04285714285714286,0,0.0,0.020833333333333332,0,0.15384615384615385,0.0,0.0,0,0,0.0,0.0,0,0.0,0,0.0,0.08333333333333333,0,0.0,0,0.0,0.0,0.0,0,0.06666666666666667,0.25,0.0,0,0.0,0.1111111111111111,0,0.0,0,0.0,0.0,0,0.0,0.125,0.75
2024,UKR,0.009146341463414634,0.01529051987767584,0.010416666666666666,0.011549566891241578,0,0.5,0.0,0.0,0.02857142857142857,0,0.0,0.0625,0,0.19230769230769232,0.0,0.0,0,0,0.0,0.0,0,0.0,0,0.0,0.8333333333333334,0,0.0,0,0.07142857142857142,0.0,0.0,0,0.03333333333333333,0.0,0.0,0,0.0,0.11666666666666667,0,0.0,0,0.0,0.0,0,0.0,0.125,0.6666666666666666
