Year,NOC,Gold_rate,Silver_rate,Bronze_rate,Host,SWA,DIV,OWS,SWM,WPO,ARC,ATH,BK3,BOX,BKG,CSL,BMF,BMX,MTB,CRD,CTR,EDR,EVE,EJP,FEN,HOC,FBL,GLF,GAR,GRY,GTR,HBL,JUD,MPN,ROW,RU7,SAL,SHO,SKB,CLB,SRF,TTE,TRI,VBV,WLF,WRF,WRG
2008,UKR,0.023178807947019868,0.013201320132013201,0.031161473087818695,0,0.0,0.0,0.0,0.03645833333333333,0,0.5,0.010638297872340425,0,0.0,0.0,0.0,0,0,0.0,0.0,0,0.0,0,0.0,0.0,0,0.0,0,0.0,0.5,1.5,0,0.14285714285714285,0.0,0.16666666666666666,0,0.1515151515151515,0.3,0,0.0,0,0.0,0.0,0,0.04444444444444444,0.2727272727272727,0.0
2012,UKR,0.0165016501650165,0.013114754098360656,0.028409090909090908,0,0.0,0.25,0.0,0.0,0,0.75,0.04964539007092198,0,0.23076923076923078,0.0,0.0,0,0,0.0,0.0,0,0.0,0,0.0,0.3,0,0.0,0,0.0,0.0,0.75,0,0.10714285714285714,0.25,0.05952380952380952,0,0.0,0.16666666666666666,0,0.0,0,0.0,0.0,0,0.0,0.2727272727272727,0.0
2016,UKR,0.006535947712418301,0.016286644951140065,0.011142061281337047,0,0.0,0.0625,0.0,0.0,0,0.3333333333333333,0.09574468085106383,0,0.0,0.0,0.0,0,0,0.0,0.0,0,0.0,0,0.0,0.35,0,0.0,0,0.0,0.0,0.0,0,0.0,0.0,0.21428571428571427,0,0.0,0.11111111111111112,0,0.0,0,0.0,0.0,0,0.0,0.16666666666666666,0.0
2020,UKR,0.0029411764705882353,0.01775147928994083,0.029850746268656716,0,0.0,0.0,0.0,0.0,0,0.0,0.0,0,0.0,0.0,0.0,0,0,0.0,0.0,0,0.0,0,0.0,0.0,0,0.0,0,0.0,0.0,0.0,0,0.0,0.3333333333333333,0.0,0,0.0,0.1111111111111111,0,0.0,0,0.0,0.0,0,0.0,0.0,0.3333333333333333
2024,UKR,0.009146341463414634,0.01529051987767584,0.010416666666666666,0,1.0,0.0,0.0,0.04285714285714286,0,0.0,0.020833333333333332,0,0.15384615384615385,0.0,0.0,0,0,0.0,0.0,0,0.0,0,0.0,0.3333333333333333,0,0.0,0,0.0,0.0,0.0,0,0.06666666666666667,0.0,0.0,0,0.0,0.1111111111111111,0,0.0,0,0.0,0.0,0,0.0,0.08333333333333333,0.75
