Year,NOC,Gold_rate,Silver_rate,Bronze_rate,Total_rate,Host,SWA,DIV,OWS,SWM,WPO,ARC,ATH,BDM,BK3,BKB,BOX,BKG,CSP,CSL,BMF,BMX,MTB,CRD,CTR,EDR,EVE,EJP,FEN,HOC,FBL,GLF,GAR,GRY,GTR,HBL,JUD,MPN,ROW,RU7,SAL,SHO,SKB,CLB,SRF,TTE,TKW,TEN,TRI,VBV,VVO,WLF,WRF,WRG
2008,UKR,0.023178807947019868,0.013201320132013201,0.031161473087818695,0.022964509394572025,0,0.0,1.5,0.0,0.2777777777777778,0,1.25,3.916666666666667,0.0,0,0,4.0,0.0,0.0,0.0,0,0,0.0,0.0,0,0.0,0,0.0,7.5,0,0.0,0,0.0,1.0,1.5,0,1.5,0.5,1.25,0,1.1666666666666665,5.583333333333333,0,0.0,0,0.0,0.0,0.0,0.0,0,0,2.5,5.5,0.5
2012,UKR,0.0165016501650165,0.013114754098360656,0.028409090909090908,0.019791666666666666,0,0.0,0.75,0.0,0.0,0,0.9166666666666666,6.083333333333333,0.0,0,0,8.5,0.0,0.0,0.0,0,0,0.0,0.0,0,0.0,0,0.0,2.0,0,0.0,0,0.0,0.0,1.0,0,1.0,0.3333333333333333,9.083333333333334,0,0.0,1.0833333333333335,0,0.0,0,0.0,0.0,0.0,0.0,0,0,2.5,3.9999999999999996,0.0
2016,UKR,0.006535947712418301,0.016286644951140065,0.011142061281337047,0.01131687242798354,0,0.0,0.16666666666666666,0.0,0.0,0,0.5,1.8333333333333333,0.0,0,0,0.0,0.0,0.0,0.0,0,0,0.0,0.0,0,0.0,0,0.0,5.833333333333333,0,0.0,0,0.0,0.5,0.0,0,0.0,0.6666666666666666,1.5,0,0.0,0.9583333333333333,0,0.0,0,0.0,0.0,0.0,0.0,0,0,0.0,1.0,2.0
2020,UKR,0.0029411764705882353,0.01775147928994083,0.029850746268656716,0.017592592592592594,0,6.75,0.0,0.0,0.75,0,0.0,1.0,0.0,0,0,2.0,0.0,2.5,0.0,0,0,0.0,0.0,0,0.0,0,0.0,0.5,0,0.0,0,0.0,0.0,0.0,0,1.0,0.5,0.0,0,0.0,0.6805555555555556,0,0.0,0,0.0,0.0,0.25,0.0,0,0,0.0,1.5,4.5
2024,UKR,0.009146341463414634,0.01529051987767584,0.010416666666666666,0.011549566891241578,0,1.0,0.0,0.0,0.5,0,0.0,3.0,0.0,0,0,2.5,0.0,2.25,0.0,0,0,0.0,0.0,0,0.0,0,0.0,6.5,0,0.0,0,0.1111111111111111,0.0,0.0,0,0.5,0.0,0.0,0,0.0,0.75,0,0.0,0,0.0,0.0,0.16666666666666666,0.0,0,0,0.0,1.5,4.0
