Year,NOC,Gold_rate,Silver_rate,Bronze_rate,Host,SWA,DIV,OWS,SWM,WPO,ARC,ATH,BK3,BOX,BKG,CSL,BMF,BMX,MTB,CRD,CTR,EDR,EVE,EJP,FEN,HOC,FBL,GLF,GAR,GRY,GTR,HBL,JUD,MPN,ROW,RU7,SAL,SHO,SKB,CLB,SRF,TTE,TRI,VBV,WLF,WRF,WRG
2008,UZB,0.0,0.0033003300330033004,0.0084985835694051,0,0,0.0,0,0.0,0,0.0,0.0,0,0.09090909090909091,0,0,0,0,0,0.0,0,0,0,0,0.0,0,0.0,0,0.0,0.0,0.0,0,0.0,0.0,0.0,0,0,0.0,0,0,0,0.0,0,0,0.0,0.22727272727272727,0.0
2012,UZB,0.0,0.0,0.008522727272727272,0,0,0.0,0,0.0,0,0.0,0.0,0,0.0,0,0,0,0,0,0.0,0,0,0,0,0.0,0,0.0,0,0.0,0.0,0.16666666666666666,0,0.07142857142857142,0.0,0.0,0,0,0.0,0,0,0,0.0,0,0,0.0,0.4242424242424242,0.0
2016,UZB,0.013071895424836602,0.006514657980456026,0.019498607242339833,0,0,0.0,0,0.0,0,0.0,0.0,0,0.0,0,0,0,0,0,0.0,0,0,0,0,0.0,0,0.0,0,0.0,0.0,0.16666666666666666,0,0.14285714285714285,0.0,0.0,0,0,0.0,0,0,0,0.0,0,0,0.0,0.16666666666666666,0.0
2020,UZB,0.008823529411764706,0.0,0.004975124378109453,0,0,0.0,0,0.0,0,0.0,0.0,0,0.0,0,0,0,0,0,0.0,0,0,0,0,0.0,0,0.0,0,0.0,0.0,0.0,0,0.0,0.0,0.0,0,0,0.0,0,0,0,0.0,0,0,0.0,0.0,0.08333333333333333
2024,UZB,0.024390243902439025,0.0061162079510703364,0.0078125,0,0,0.0,0,0.0,0,0.0,0.0,0,0.46153846153846156,0,0,0,0,0,0.0,0,0,0,0,0.0,0,0.0,0,0.0,0.0,0.0,0,0.06666666666666667,0.0,0.0,0,0,0.0,0,0,0,0.0,0,0,0.3,0.0,0.0
