Year,NOC,Gold_rate,Silver_rate,Bronze_rate,Total_rate,Host,SWA,DIV,OWS,SWM,WPO,ARC,ATH,BK3,BOX,BKG,CSL,BMF,BMX,MTB,CRD,CTR,EDR,EVE,EJP,FEN,HOC,FBL,GLF,GAR,GRY,GTR,HBL,JUD,MPN,ROW,RU7,SAL,SHO,SKB,CLB,SRF,TTE,TRI,VBV,WLF,WRF,WRG
2008,UZB,0.0,0.0033003300330033004,0.0084985835694051,0.0041753653444676405,0,0,0.0,0,0.0,0,0.0,0.0,0,0.045454545454545456,0,0,0,0,0,0.0,0,0,0,0,0.0,0,0.0,0,0.0,0.0,0.16666666666666666,0,0.11904761904761904,0.0,0.0,0,0,0.0,0,0,0,0.0,0,0,0.0,0.4242424242424242,0.0
2012,UZB,0.0,0.0,0.008522727272727272,0.003125,0,0,0.0,0,0.0,0,0.0,0.0,0,0.038461538461538464,0,0,0,0,0,0.0,0,0,0,0,0.0,0,0.0,0,0.0,0.0,0.125,0,0.07142857142857142,0.0,0.0,0,0,0.0,0,0,0,0.0,0,0,0.0,0.3409090909090909,0.0
2016,UZB,0.013071895424836602,0.006514657980456026,0.019498607242339833,0.013374485596707819,0,0,0.0,0,0.0,0,0.0,0.0,0,1.0384615384615385,0,0,0,0,0,0.0,0,0,0,0,0.0,0,0.0,0,0.0,0.0,0.125,0,0.19047619047619047,0.0,0.0,0,0,0.0,0,0,0,0.0,0,0,0.1,0.16666666666666666,0.08333333333333333
2020,UZB,0.008823529411764706,0.0,0.004975124378109453,0.004629629629629629,0,0,0.0,0,0.0,0,0.0,0.0,0,0.23076923076923078,0,0,0,0,0,0.0,0,0,0,0,0.0,0,0.0,0,0.0,0.0,0.0,0,0.06666666666666667,0.0,0.0,0,0,0.0,0,0,0,0.0,0,0,0.21428571428571427,0.041666666666666664,0.05555555555555555
2024,UZB,0.024390243902439025,0.0061162079510703364,0.0078125,0.012512030798845043,0,0,0.0,0,0.0,0,0.0,0.0,0,1.1538461538461537,0,0,0,0,0,0.0,0,0,0,0,0.0,0,0.0,0,0.0,0.0,0.0,0,0.26666666666666666,0.0,0.0,0,0,0.0,0,0,0,0.0,0,0,0.25,0.2916666666666667,0.0
