Year,NOC,Gold_rate,Silver_rate,Bronze_rate,Total_rate,Host,SWA,DIV,OWS,SWM,WPO,ARC,ATH,BDM,BK3,BKB,BOX,BKG,CSP,CSL,BMF,BMX,MTB,CRD,CTR,EDR,EVE,EJP,FEN,HOC,FBL,GLF,GAR,GRY,GTR,HBL,JUD,MPN,ROW,RU7,SAL,SHO,SKB,CLB,SRF,TTE,TKW,TEN,TRI,VBV,VVO,WLF,WRF,WRG
2008,UZB,0.0,0.0033003300330033004,0.0084985835694051,0.0041753653444676405,0,0,0.0,0,0.0,0,0.0,0.0,0,0,0,0.5,0,0.0,0,0,0,0,0.0,0,0,0,0,0.0,0,0.0,0,0.0,0.0,0.3333333333333333,0,1.6666666666666665,0.0,0.0,0,0,0.0,0,0,0,0.0,0.0,0.0,0,0,0,0.0,4.666666666666666,0.0
2012,UZB,0.0,0.0,0.008522727272727272,0.003125,0,0,0.0,0,0.0,0,0.0,0.0,0,0,0,0.5,0,0.0,0,0,0,0,0.0,0,0,0,0,0.0,0,0.0,0,0.0,0.0,0.25,0,1.0,0.0,0.0,0,0,0.0,0,0,0,0.0,0.0,0.0,0,0,0,0.0,3.75,0.0
2016,UZB,0.013071895424836602,0.006514657980456026,0.019498607242339833,0.013374485596707819,0,0,0.0,0,0.0,0,0.0,0.0,0,0,0,13.5,0,0.0,0,0,0,0,0.0,0,0,0,0,0.0,0,0.0,0,0.0,0.0,0.25,0,2.6666666666666665,0.0,0.0,0,0,0.0,0,0,0,0.0,0.0,0.0,0,0,0,1.5,2.0,0.5
2020,UZB,0.008823529411764706,0.0,0.004975124378109453,0.004629629629629629,0,0,0.0,0,0.0,0,0.0,0.0,0,0,0,3.0,0,0.0,0,0,0,0,0.0,0,0,0,0,0.0,0,0.0,0,0.0,0.0,0.0,0,0.5,0.0,0.0,0,0,0.0,0,0,0,0.0,3.0,0.0,0,0,0,3.0,0.5,0.3333333333333333
2024,UZB,0.024390243902439025,0.0061162079510703364,0.0078125,0.012512030798845043,0,0,0.0,0,0.0,0,0.0,0.0,0,0,0,15.0,0,0.0,0,0,0,0,0.0,0,0,0,0,0.0,0,0.0,0,0.0,0.0,0.0,0,2.0,0.0,0.0,0,0,0.0,0,0,0,0.0,4.0,0.0,0,0,0,2.5,3.5,0.0
