Year,NOC,Gold_rate,Silver_rate,Bronze_rate,Total_rate,Host,SWA,DIV,OWS,SWM,WPO,ARC,ATH,BDM,BK3,BKB,BOX,BKG,CSP,CSL,BMF,BMX,MTB,CRD,CTR,EDR,EVE,EJP,FEN,HOC,FBL,GLF,GAR,GRY,GTR,HBL,JUD,MPN,ROW,RU7,SAL,SHO,SKB,CLB,SRF,TTE,TKW,TEN,TRI,VBV,VVO,WLF,WRF,WRG
2000,VIE,0.0,0.0033333333333333335,0.0,0.0010787486515641855,0,0,0,0,0.0,0,0.0,0.0,0.0,0,0,0.0,0,0.0,0,0,0,0,0.0,0,0,0,0,0.0,0,0,0,0.0,0,0,0,0.0,0,0.0,0,0,0.0,0,0,0,0.0,2.0,0,0,0,0,0.0,0.0,0
2004,VIE,0.0,0.0,0.0,0.0,0,0,0,0,0.0,0,0.0,0.0,0.0,0,0,0.0,0,0.0,0,0,0,0,0.0,0,0,0,0,0.0,0,0,0,0.0,0,0,0,0.0,0,0.0,0,0,0.0,0,0,0,0.0,0.0,0,0,0,0,0.0,0.0,0
2008,VIE,0.0,0.0033003300330033004,0.0,0.0010438413361169101,0,0,0,0,0.0,0,0.0,0.0,0.0,0,0,0.0,0,0.0,0,0,0,0,0.0,0,0,0,0,0.0,0,0,0,0.0,0,0,0,0.0,0,0.0,0,0,0.0,0,0,0,0.0,0.0,0,0,0,0,2.0,0.0,0
2012,VIE,0.0,0.0,0.002840909090909091,0.0010416666666666667,0,0,0,0,0.0,0,0.0,0.0,0.0,0,0,0.0,0,0.0,0,0,0,0,0.0,0,0,0,0,0.0,0,0,0,0.0,0,0,0,0.0,0,0.0,0,0,0.0,0,0,0,0.0,0.0,0,0,0,0,0.0,0.0,0
2016,VIE,0.0032679738562091504,0.003257328990228013,0.0,0.00205761316872428,0,0,0,0,0.0,0,0.0,0.0,0.0,0,0,0.0,0,0.0,0,0,0,0,0.0,0,0,0,0,0.0,0,0,0,0.0,0,0,0,0.0,0,0.0,0,0,1.25,0,0,0,0.0,0.0,0,0,0,0,0.0,0.0,0
2020,VIE,0.0,0.0,0.0,0.0,0,0,0,0,0.0,0,0.0,0.0,0.0,0,0,0.0,0,0.0,0,0,0,0,0.0,0,0,0,0,0.0,0,0,0,0.0,0,0,0,0.0,0,0.0,0,0,0.0,0,0,0,0.0,0.0,0,0,0,0,0.0,0.0,0
2024,VIE,0.0,0.0,0.0,0.0,0,0,0,0,0.0,0,0.0,0.0,0.0,0,0,0.0,0,0.0,0,0,0,0,0.0,0,0,0,0,0.0,0,0,0,0.0,0,0,0,0.0,0,0.0,0,0,0.0,0,0,0,0.0,0.0,0,0,0,0,0.0,0.0,0
