Year,NOC,Host,SWA,DIV,OWS,SWM,WPO,ARC,ATH,BDM,BK3,BKB,BOX,BKG,CSP,CSL,BMF,BMX,MTB,CRD,CTR,EDR,EVE,EJP,FEN,HOC,FBL,GLF,GAR,GRY,GTR,HBL,JUD,MPN,ROW,RU7,SAL,SHO,SKB,CLB,SRF,TTE,TKW,TEN,TRI,VBV,VVO,WLF,WRF,WRG
2024,AUS,0,0.0,1.25,0.0,32.8686507936508,19.333333333333336,0.0,6.833333333333333,0.0,0.0,10.416666666666666,2.0,0.0,8.416666666666666,4.75,2.0,1.5,0.0,1.25,0,0.0,1.5,0.0,0,0,0.0,0.0,0.0,0.0,0.0,0,0.0,0.0,7.75,1.0,6.0,2.0,6.0,0.0,2.0,0.0,0.0,2.166666666666667,0.0,1.6666666666666665,0,0.0,0.0,0
