Year,NOC,Host,SWA,DIV,OWS,SWM,WPO,ARC,ATH,BK3,BOX,BKG,CSL,BMF,BMX,MTB,CRD,CTR,EDR,EVE,EJP,FEN,HOC,FBL,GLF,GAR,GRY,GTR,HBL,JUD,MPN,ROW,RU7,SAL,SHO,SKB,CLB,SRF,TTE,TRI,VBV,WLF,WRF,WRG
2024,AUS,0,0.0,0.25,0.0,2.9095238095238094,9.666666666666668,0.0,0.15625,0.0,0.15384615384615385,0.0,1.0416666666666667,1.0,0.75,0.0,0.5,0,0.0,1.5,0.0,0,0,0.0,0.0,0.0,0.0,0.0,0,0.0,0.0,0.6071428571428571,0.5,0.6,0.13333333333333333,1.5,0.0,1.0,0.0,0.0,0.8333333333333333,0.0,0.0,0
