Year,NOC,Host,SWA,DIV,OWS,SWM,WPO,ARC,ATH,BK3,BOX,BKG,CSL,BMF,BMX,MTB,CRD,CTR,EDR,EVE,EJP,FEN,HOC,FBL,GLF,GAR,GRY,GTR,HBL,JUD,MPN,ROW,RU7,SAL,SHO,SKB,CLB,SRF,TTE,TRI,VBV,WLF,WRF,WRG
2024,CAN,0,0.0,0.125,0.0,0.4809523809523809,0.0,0.0,0.44965277777777785,0.0,0.038461538461538464,1.5,0.0,0.0,0.0,0.0,0.0,0,0.0,0.0,0.0,0.027777777777777776,0,11.0,0.0,0.0,0,0.5,0,0.22222222222222224,0,1.2142857142857142,12.5,0.0,0.0,0.0,0,0.0,0.0,0.0,1.0,0.2,0.0,0
