Year,NOC,Host,SWA,DIV,OWS,SWM,WPO,ARC,ATH,BK3,BOX,BKG,CSL,BMF,BMX,MTB,CRD,CTR,EDR,EVE,EJP,FEN,HOC,FBL,GLF,GAR,GRY,GTR,HBL,JUD,MPN,ROW,RU7,SAL,SHO,SKB,CLB,SRF,TTE,TRI,VBV,WLF,WRF,WRG
2024,FRA,0,0.0,0.0,0.0,0.4142857142857143,0.0,0.9,0.020833333333333332,4.0,0.37179487179487175,1.0,1.1666666666666667,0.25,1.125,1.0833333333333333,0.75,0,0.0,3.0,1.8333333333333333,2.5347222222222223,0,21.0,0.0,0.0,0.0,0.0,27.0,3.3,0.5,0.26785714285714285,22.083333333333332,0.4333333333333334,0.24444444444444446,0.0,0.0,1.75,0.6666666666666667,1.0555555555555556,0.0,0.0,0.0,0.0
