Year,NOC,Host,SWA,DIV,OWS,SWM,WPO,ARC,ATH,BDM,BK3,BKB,BOX,BKG,CSP,CSL,BMF,BMX,MTB,CRD,CTR,EDR,EVE,EJP,FEN,HOC,FBL,GLF,GAR,GRY,GTR,HBL,JUD,MPN,ROW,RU7,SAL,SHO,SKB,CLB,SRF,TTE,TKW,TEN,TRI,VBV,VVO,WLF,WRF,WRG
2024,FRA,0,0.0,0.0,0.0,4.499999999999999,0.0,1.8333333333333333,1.0,0.0,8.0,44.0,4.833333333333333,2.0,0.25,6.0,0.5,2.25,2.1666666666666665,3.0,0,0.0,3.0,2.5,17.708333333333336,0,42.0,0.0,0.0,0.0,0.0,54.0,26.083333333333336,1.0,3.75,44.166666666666664,4.333333333333334,2.3333333333333335,0.0,0.0,3.5,1.6666666666666665,3.0,0.0,2.3333333333333335,0.0,37.0,0.0,0.0,0.0
