Year,NOC,Host,SWA,DIV,OWS,SWM,WPO,ARC,ATH,BK3,BOX,BKG,CSL,BMF,BMX,MTB,CRD,CTR,EDR,EVE,EJP,FEN,HOC,FBL,GLF,GAR,GRY,GTR,HBL,JUD,MPN,ROW,RU7,SAL,SHO,SKB,CLB,SRF,TTE,TRI,VBV,WLF,WRF,WRG
2024,GBR,0,1.0,1.0729166666666665,0.0,1.0476190476190474,0,0.0,0.9097222222222223,0,0.07692307692307693,0,0.9166666666666666,1.0,1.25,0.0,0.5,0,2.625,6.75,4.75,0,0,0,0.5,0.39285714285714285,0,1.0,0,0.03333333333333333,1.25,4.035714285714286,0.0,0.6,0.3333333333333333,0.25,0.75,0,0.0,2.3333333333333335,0,0.1,0,0
