Year,NOC,Host,SWA,DIV,OWS,SWM,WPO,ARC,ATH,BDM,BK3,BKB,BOX,BKG,CSP,CSL,BMF,BMX,MTB,CRD,CTR,EDR,EVE,EJP,FEN,HOC,FBL,GLF,GAR,GRY,GTR,HBL,JUD,MPN,ROW,RU7,SAL,SHO,SKB,CLB,SRF,TTE,TKW,TEN,TRI,VBV,VVO,WLF,WRF,WRG
2024,GER,0,0,1.0,0.0,0.875,0,1.25,11.166666666666668,0.0,12.0,0.0,1.0,0,17.25,3.75,0.0,0.0,0.0,0.0,0,10.0,2.5833333333333335,0.75,0.0,0,21.0,2.0,0.08333333333333333,3.0,0.0,27.0,2.6666666666666665,0.0,8.0,0,0.8333333333333333,0.75,0.0,0.0,0.0,1.9166666666666665,0.0,1.0833333333333333,0.0,3.75,0.0,0,0.0,0.0
