Year,NOC,Host,SWA,DIV,OWS,SWM,WPO,ARC,ATH,BK3,BOX,BKG,CSL,BMF,BMX,MTB,CRD,CTR,EDR,EVE,EJP,FEN,HOC,FBL,GLF,GAR,GRY,GTR,HBL,JUD,MPN,ROW,RU7,SAL,SHO,SKB,CLB,SRF,TTE,TRI,VBV,WLF,WRF,WRG
2024,GER,0,0,0.125,0.0,0.1,0,0.6,0.2465277777777778,6.0,0.07692307692307693,0,0.875,0.0,0.0,0.0,0.0,0,8.5,2.5833333333333335,0.75,0.0,0,10.5,1.0,0.047619047619047616,1.5,0.0,13.5,0.3555555555555555,0.0,0.5714285714285714,0,0.08333333333333333,0.05,0.0,0.0,0.0,0.6333333333333333,0.0,1.875,0,0.0,0.0
