Year,NOC,Host,SWA,DIV,OWS,SWM,WPO,ARC,ATH,BK3,BOX,BKG,CSL,BMF,BMX,MTB,CRD,CTR,EDR,EVE,EJP,FEN,HOC,FBL,GLF,GAR,GRY,GTR,HBL,JUD,MPN,ROW,RU7,SAL,SHO,SKB,CLB,SRF,TTE,TRI,VBV,WLF,WRF,WRG
2024,GRE,0,0.0,0,0.0,0.02857142857142857,2.9166666666666665,0,0.07291666666666667,0,0,0,0,0,0,0,0.0,0,0,0,0.0,0.0,0,0,0,0.11904761904761905,0,0,0,0.06666666666666667,0,0.35714285714285715,0,0.0,0.08888888888888888,0,0,0,0.0,0,0,0,0.08333333333333333,0
