Year,NOC,Host,SWA,DIV,OWS,SWM,WPO,ARC,ATH,BK3,BOX,BKG,CSL,BMF,BMX,MTB,CRD,CTR,EDR,EVE,EJP,FEN,HOC,FBL,GLF,GAR,GRY,GTR,HBL,JUD,MPN,ROW,RU7,SAL,SHO,SKB,CLB,SRF,TTE,TRI,VBV,WLF,WRF,WRG
2024,ITA,0,0.0,0.0,0.0,0.38571428571428573,1.4166666666666667,0.25,0.2916666666666667,0,0.02564102564102564,0.0,0.25,0,0.0,0.0,0.125,0,0,0.0,0.0,2.3333333333333335,0,0,0.0,0.8214285714285714,2.6666666666666665,0,0,0.16666666666666666,0.5,0.6904761904761905,0,0.65,0.7055555555555555,0.0,0.0,0.0,0.0,0.0,0.25,0.1,0.0,0
