Year,NOC,Host,SWA,DIV,OWS,SWM,WPO,ARC,ATH,BDM,BK3,BKB,BOX,BKG,CSP,CSL,BMF,BMX,MTB,CRD,CTR,EDR,EVE,EJP,FEN,HOC,FBL,GLF,GAR,GRY,GTR,HBL,JUD,MPN,ROW,RU7,SAL,SHO,SKB,CLB,SRF,TTE,TKW,TEN,TRI,VBV,VVO,WLF,WRF,WRG
2024,ITA,0,0.0,0.0,0.0,5.3,2.8333333333333335,0.625,10.5,0.0,0,0,0.3333333333333333,0.0,2.5,0.75,0,0.0,0.0,0.25,0,0,0.0,0.0,17.0,0,0,0.0,1.7380952380952381,5.333333333333333,0,0,1.5833333333333335,1.0,9.666666666666666,0,6.5,9.583333333333332,0.0,0.0,0.0,0.0,0.5,1.25,0.0,0.5,28.166666666666668,1.0,0.0,0
