Year,NOC,Host,SWA,DIV,OWS,SWM,WPO,ARC,ATH,BDM,BK3,BKB,BOX,BKG,CSP,CSL,BMF,BMX,MTB,CRD,CTR,EDR,EVE,EJP,FEN,HOC,FBL,GLF,GAR,GRY,GTR,HBL,JUD,MPN,ROW,RU7,SAL,SHO,SKB,CLB,SRF,TTE,TKW,TEN,TRI,VBV,VVO,WLF,WRF,WRG
2024,JPN,0,0.0,1.0,0.0,5.111111111111112,0.0,0.5,3.0833333333333335,3.4166666666666665,0,8.416666666666666,0.0,3.0,0,0.25,0.0,0.0,0.0,0.0,0,0,0.7083333333333333,0.0,14.583333333333334,0,0.6666666666666666,0.5,2.8402777777777777,0,0.0,0.0,22.75,2.0,0.0,0.0,1.6666666666666665,0.0,12.0,3.0,1.0,4.75,0,0.25,0.0,0.0,0.0,0.0,22.5,5.5
