Year,NOC,Host,SWA,DIV,OWS,SWM,WPO,ARC,ATH,BK3,BOX,BKG,CSL,BMF,BMX,MTB,CRD,CTR,EDR,EVE,EJP,FEN,HOC,FBL,GLF,GAR,GRY,GTR,HBL,JUD,MPN,ROW,RU7,SAL,SHO,SKB,CLB,SRF,TTE,TRI,VBV,WLF,WRF,WRG
2024,JPN,0,0.0,0.125,0.0,0.21904761904761902,0.0,0.2,0.07638888888888888,0,0.0,1.5,0.041666666666666664,0.0,0.0,0.0,0.0,0,0,0.7083333333333333,0.0,1.9722222222222223,0,0.3333333333333333,0.25,1.7142857142857142,0,0.0,0.0,3.0111111111111115,1.0,0.0,0.0,0.16666666666666666,0.0,3.0,0.75,0.5,1.5,0.0,0.0,0.0,1.875,0.9166666666666666
