Year,NOC,Host,SWA,DIV,OWS,SWM,WPO,ARC,ATH,BK3,BOX,BKG,CSL,BMF,BMX,MTB,CRD,CTR,EDR,EVE,EJP,FEN,HOC,FBL,GLF,GAR,GRY,GTR,HBL,JUD,MPN,ROW,RU7,SAL,SHO,SKB,CLB,SRF,TTE,TRI,VBV,WLF,WRF,WRG
2024,KOR,0,0.0,0.0,0,0.014285714285714285,0,6.3,0.0,0,0.038461538461538464,0.0,0,0,0,0,0.0,0,0.0,0,0,2.0833333333333335,0,0,0.0,0.03571428571428571,0,0,0.0,0.9333333333333333,0.75,0,0,0.0,1.1333333333333333,0,0.0,0,0.7,0,0,0.2,0.0,0.0
