Year,NOC,Host,SWA,DIV,OWS,SWM,WPO,ARC,ATH,BK3,BOX,BKG,CSL,BMF,BMX,MTB,CRD,CTR,EDR,EVE,EJP,FEN,HOC,FBL,GLF,GAR,GRY,GTR,HBL,JUD,MPN,ROW,RU7,SAL,SHO,SKB,CLB,SRF,TTE,TRI,VBV,WLF,WRF,WRG
2024,NED,0,0.5,0.0,1.25,0.08571428571428572,5.0,0.2,0.6631944444444445,4.5,0.0,0.0,0.0,0,1.375,0.0,0.3125,0,0.0,0.0,0.5,0.0,0,0,0.5,0.07142857142857142,0,0,0.0,0.03333333333333333,0,3.9642857142857144,0,0.8583333333333332,0,0.0,0,0,0.0,0.0,0.0,0,0,0
