Year,NOC,Host,SWA,DIV,OWS,SWM,WPO,ARC,ATH,BK3,BOX,BKG,CSL,BMF,BMX,MTB,CRD,CTR,EDR,EVE,EJP,FEN,HOC,FBL,GLF,GAR,GRY,GTR,HBL,JUD,MPN,ROW,RU7,SAL,SHO,SKB,CLB,SRF,TTE,TRI,VBV,WLF,WRF,WRG
2024,UKR,0,0.5,0.0,0,0.02857142857142857,0,0.0,0.0625,0,0.19230769230769232,0.0,0.0,0,0,0.0,0.0,0,0,0,0,0.8333333333333334,0,0.0,0,0.07142857142857142,0.0,0,0,0.03333333333333333,0.0,0.0,0,0,0.11666666666666667,0,0.0,0,0.0,0,0,0.0,0.125,0.6666666666666666
