Year,NOC,Host,SWA,DIV,OWS,SWM,WPO,ARC,ATH,BDM,BK3,BKB,BOX,BKG,CSP,CSL,BMF,BMX,MTB,CRD,CTR,EDR,EVE,EJP,FEN,HOC,FBL,GLF,GAR,GRY,GTR,HBL,JUD,MPN,ROW,RU7,SAL,SHO,SKB,CLB,SRF,TTE,TKW,TEN,TRI,VBV,VVO,WLF,WRF,WRG
2024,USA,1,14.666666666666666,3.6666666666666665,0.0,52.91388888888888,15.0,1.1666666666666667,84.1388888888889,0.0,4.0,72.0,1.0,1.0,2.5,0.16666666666666666,2.0,0.0,1.0,0.0,0,0.7083333333333333,0.0,5.0,8.791666666666666,0,50.666666666666664,6.0,4.436904761904762,0.0,0.0,0,0.0,0.0,17.833333333333336,8.333333333333332,2.0,4.541666666666666,4.0,2.0,3.0,0.0,1.0,2.583333333333333,0.5,0.0,39.166666666666664,4.0,13.0,0.0
