Year,NOC,Host,SWA,DIV,OWS,SWM,WPO,ARC,ATH,BK3,BOX,BKG,CSL,BMF,BMX,MTB,CRD,CTR,EDR,EVE,EJP,FEN,HOC,FBL,GLF,GAR,GRY,GTR,HBL,JUD,MPN,ROW,RU7,SAL,SHO,SKB,CLB,SRF,TTE,TRI,VBV,WLF,WRF,WRG
2024,USA,1,8.333333333333334,0.7083333333333334,0.0,4.257142857142857,7.500000000000001,0.5,2.684027777777778,2.0,0.07692307692307693,0.5,0.08333333333333333,1.0,0.0,0.5,0.0,0,0.7083333333333333,0.0,4.0,1.2152777777777777,0,25.333333333333336,3.0,2.0714285714285716,0.0,0.0,0,0.0,0.0,1.2738095238095237,4.166666666666666,0.2,0.55,1.0,0.5,1.5,0.0,0.3333333333333333,0.0,0.4,1.0833333333333333,0.0
